Token,Symbol,Name,exch_seg
18252,SPAL-EQ,SPAL,NSE
19372,SPCENET-EQ,SPCENET,NSE
21401,TATAGOLD-EQ,TATAGOLD,NSE
16927,JOCIL-EQ,JOCIL,NSE
12188,INOXGREEN-EQ,INOXGREEN,NSE
10350,CSLFINANCE-EQ,CSLFINANCE,NSE
4378,SENSEXIETF-EQ,SENSEXIETF,NSE
11581,GULFPETRO-EQ,GULFPETRO,NSE
5265,GLS-EQ,GLS,NSE
19931,ORISSAMINE-EQ,ORISSAMINE,NSE
2028,LYKALABS-EQ,LYKALABS,NSE
2794,RSWM-EQ,RSWM,NSE
11596,LINCOLN-EQ,LINCOLN,NSE
3496,TIRUMALCHM-EQ,TIRUMALCHM,NSE
19646,MAXESTATES-EQ,MAXESTATES,NSE
21383,PALASHSECU-EQ,PALASHSECU,NSE
7451,NIFTY50ADD-EQ,NIFTY50ADD,NSE
8828,GAEL-EQ,GAEL,NSE
24538,MAITHANALL-EQ,MAITHANALL,NSE
5220,BFSI-EQ,BFSI,NSE
9558,AKSHAR-EQ,AKSHAR,NSE
4745,BANKINDIA-EQ,BANKINDIA,NSE
6006,COASTCORP-EQ,COASTCORP,NSE
20321,SHANKARA-EQ,SHANKARA,NSE
2018,LUMAXIND-EQ,LUMAXIND,NSE
3088,INDOSTAR-EQ,INDOSTAR,NSE
2306,BESTAGRO-EQ,BESTAGRO,NSE
13756,SHIVAMAUTO-EQ,SHIVAMAUTO,NSE
4809,KCPSUGIND-EQ,KCPSUGIND,NSE
2275,IRISDOREME-EQ,IRISDOREME,NSE
29553,NIFTYIETF-EQ,NIFTYIETF,NSE
17641,SUNTECK-EQ,SUNTECK,NSE
11647,KOTARISUG-EQ,KOTARISUG,NSE
30089,ORIENTCEM-EQ,ORIENTCEM,NSE
637,CHAMBLFERT-EQ,CHAMBLFERT,NSE
29008,TVSHLTD-EQ,TVSHLTD,NSE
17433,NETWEB-EQ,NETWEB,NSE
13587,ACE-EQ,ACE,NSE
11195,INDIGO-EQ,INDIGO,NSE
5957,BSLSENETFG-EQ,BSLSENETFG,NSE
11355,PTC-EQ,PTC,NSE
11992,SYNCOMF-EQ,SYNCOMF,NSE
154,APCOTEXIND-EQ,APCOTEXIND,NSE
18214,TEXMOPIPES-EQ,TEXMOPIPES,NSE
13147,PVRINOX-EQ,PVRINOX,NSE
928,ELECTCAST-EQ,ELECTCAST,NSE
5407,CARTRADE-EQ,CARTRADE,NSE
4898,FDC-EQ,FDC,NSE
17358,UTKARSHBNK-EQ,UTKARSHBNK,NSE
6156,ARTNIRMAN-EQ,ARTNIRMAN,NSE
212,ASHOKLEY-EQ,ASHOKLEY,NSE
11241,HDFCGROWTH-EQ,HDFCGROWTH,NSE
19458,PLAZACABLE-EQ,PLAZACABLE,NSE
3772,WILLAMAGOR-EQ,WILLAMAGOR,NSE
7374,STAR-EQ,STAR,NSE
3045,SBIN-EQ,SBIN,NSE
10999,MARUTI-EQ,MARUTI,NSE
14618,CHEMBOND-EQ,CHEMBOND,NSE
781,DALMIASUG-EQ,DALMIASUG,NSE
8506,MID150BEES-EQ,MID150BEES,NSE
7325,DCMSRIND-EQ,DCMSRIND,NSE
2664,PIDILITIND-EQ,PIDILITIND,NSE
7361,SETFNIFBK-EQ,SETFNIFBK,NSE
17256,ALBERTDAVD-EQ,ALBERTDAVD,NSE
18151,TVSSCS-EQ,TVSSCS,NSE
13288,AHL-EQ,AHL,NSE
10074,EMAMIPAP-EQ,EMAMIPAP,NSE
3518,TORNTPHARM-EQ,TORNTPHARM,NSE
19686,BLUEJET-EQ,BLUEJET,NSE
14894,CENTRALBK-EQ,CENTRALBK,NSE
6663,SIGACHI-EQ,SIGACHI,NSE
25392,PANAMAPET-EQ,PANAMAPET,NSE
958,ESCORTS-EQ,ESCORTS,NSE
15259,RPOWER-EQ,RPOWER,NSE
10761,SILVERADD-EQ,SILVERADD,NSE
4136,BIOFILCHEM-EQ,BIOFILCHEM,NSE
3827,ZUARIIND-EQ,ZUARIIND,NSE
23447,181NSETEST-EQ,181NSETEST,NSE
1570,GMMPFAUDLR-EQ,GMMPFAUDLR,NSE
14767,081NSETEST-EQ,081NSETEST,NSE
6836,FOCUS-EQ,FOCUS,NSE
18566,RRKABEL-EQ,RRKABEL,NSE
4566,RUCHINFRA-EQ,RUCHINFRA,NSE
4487,ALKYLAMINE-EQ,ALKYLAMINE,NSE
4160,NORBTEAEXP-EQ,NORBTEAEXP,NSE
10588,SHREEPUSHK-EQ,SHREEPUSHK,NSE
8842,UMAEXPORTS-EQ,UMAEXPORTS,NSE
3475,THERMAX-EQ,THERMAX,NSE
5382,EPIGRAL-EQ,EPIGRAL,NSE
21362,SALASAR-EQ,SALASAR,NSE
11538,HDFCMOMENT-EQ,HDFCMOMENT,NSE
15073,BVCL-EQ,BVCL,NSE
25608,INDOTHAI-EQ,INDOTHAI,NSE
18908,PNBHOUSING-EQ,PNBHOUSING,NSE
15254,CEATLTD-EQ,CEATLTD,NSE
5622,ITDCEM-EQ,ITDCEM,NSE
10634,ASAL-EQ,ASAL,NSE
742,COSMOFIRST-EQ,COSMOFIRST,NSE
14440,NAHARSPING-EQ,NAHARSPING,NSE
11287,UPL-EQ,UPL,NSE
10578,MPSLTD-EQ,MPSLTD,NSE
11895,DCXINDIA-EQ,DCXINDIA,NSE
14707,TIMETECHNO-EQ,TIMETECHNO,NSE
277,GICRE-EQ,GICRE,NSE
34,ADORWELD-EQ,ADORWELD,NSE
17272,SETFGOLD-EQ,SETFGOLD,NSE
676,EXIDEIND-EQ,EXIDEIND,NSE
14828,WSI-EQ,WSI,NSE
14233,HDFCSML250-EQ,HDFCSML250,NSE
1593,MGEL-EQ,MGEL,NSE
22377,MAXHEALTH-EQ,MAXHEALTH,NSE
30125,IBULHSGFIN-EQ,IBULHSGFIN,NSE
3703,VIPIND-EQ,VIPIND,NSE
14296,SEQUENT-EQ,SEQUENT,NSE
2711,PRECOT-EQ,PRECOT,NSE
16249,INFIBEAM-EQ,INFIBEAM,NSE
13688,ACLGATI-EQ,ACLGATI,NSE
2716,BUTTERFLY-EQ,BUTTERFLY,NSE
18244,DEEPENR-EQ,DEEPENR,NSE
20182,ASHOKA-EQ,ASHOKA,NSE
25358,PGEL-EQ,PGEL,NSE
19224,SENSEXETF-EQ,SENSEXETF,NSE
445,5PAISA-EQ,5PAISA,NSE
1597,INGERRAND-EQ,INGERRAND,NSE
11809,IIFL-EQ,IIFL,NSE
14008,AVTNPL-EQ,AVTNPL,NSE
4934,IPL-EQ,IPL,NSE
19111,NBIFIN-EQ,NBIFIN,NSE
3607,UNIVCABLES-EQ,UNIVCABLES,NSE
17927,BAYERCROP-EQ,BAYERCROP,NSE
6417,KRITI-EQ,KRITI,NSE
15121,SVLL-EQ,SVLL,NSE
20877,PSPPROJECT-EQ,PSPPROJECT,NSE
17675,ALOKINDS-EQ,ALOKINDS,NSE
23806,ABSLPSE-EQ,ABSLPSE,NSE
1164,NEWGEN-EQ,NEWGEN,NSE
19235,IMFA-EQ,IMFA,NSE
8687,MUKTAARTS-EQ,MUKTAARTS,NSE
9741,PARADEEP-EQ,PARADEEP,NSE
8654,MOLOWVOL-EQ,MOLOWVOL,NSE
7880,AUTOBEES-EQ,AUTOBEES,NSE
3387,SMLISUZU-EQ,SMLISUZU,NSE
11919,MSPL-EQ,MSPL,NSE
20830,MOIL-EQ,MOIL,NSE
10530,SHARDAMOTR-EQ,SHARDAMOTR,NSE
817,DCW-EQ,DCW,NSE
19277,EMAMIREAL-EQ,EMAMIREAL,NSE
6262,SELMC-EQ,SELMC,NSE
6711,IVC-EQ,IVC,NSE
1491,IFCI-EQ,IFCI,NSE
7196,BBETF0432-EQ,BBETF0432,NSE
15085,SILVERETF-EQ,SILVERETF,NSE
2388,NELCO-EQ,NELCO,NSE
2988,SANDESH-EQ,SANDESH,NSE
12841,11NSETEST-EQ,11NSETEST,NSE
913,EQUITASBNK-EQ,EQUITASBNK,NSE
4422,INDIANCARD-EQ,INDIANCARD,NSE
17187,CYIENTDLM-EQ,CYIENTDLM,NSE
14304,FSL-EQ,FSL,NSE
7376,HPAL-EQ,HPAL,NSE
22670,RPTECH-EQ,RPTECH,NSE
10568,RAMAPHO-EQ,RAMAPHO,NSE
2263,BANDHANBNK-EQ,BANDHANBNK,NSE
104,SHAREINDIA-EQ,SHAREINDIA,NSE
919,EIHOTEL-EQ,EIHOTEL,NSE
31107,DBSTOCKBRO-EQ,DBSTOCKBRO,NSE
10876,HDFCSILVER-EQ,HDFCSILVER,NSE
11060,KSOLVES-EQ,KSOLVES,NSE
13175,NITINSPIN-EQ,NITINSPIN,NSE
24014,BOROSCI-EQ,BOROSCI,NSE
14745,ADVANIHOTR-EQ,ADVANIHOTR,NSE
17875,GODREJPROP-EQ,GODREJPROP,NSE
15039,CERA-EQ,CERA,NSE
2406,NEULANDLAB-EQ,NEULANDLAB,NSE
17197,PAKKA-EQ,PAKKA,NSE
19279,THEJO-EQ,THEJO,NSE
1313,HARRMALAYA-EQ,HARRMALAYA,NSE
2595,3PLAND-EQ,3PLAND,NSE
9039,UFO-EQ,UFO,NSE
20788,MOTISONS-EQ,MOTISONS,NSE
4992,SHARDACROP-EQ,SHARDACROP,NSE
21840,DIAMONDYD-EQ,DIAMONDYD,NSE
1214,DELTAMAGNT-EQ,DELTAMAGNT,NSE
13643,ELECON-EQ,ELECON,NSE
15414,TITAGARH-EQ,TITAGARH,NSE
13656,ALICON-EQ,ALICON,NSE
2303,HAL-EQ,HAL,NSE
6286,GULPOLY-EQ,GULPOLY,NSE
14932,ISMTLTD-EQ,ISMTLTD,NSE
18118,THANGAMAYL-EQ,THANGAMAYL,NSE
24184,PIIND-EQ,PIIND,NSE
1480,REPL-EQ,REPL,NSE
11253,WELSPUNLIV-EQ,WELSPUNLIV,NSE
3880,SOMANYCERA-EQ,SOMANYCERA,NSE
15377,PDMJEPAPER-EQ,PDMJEPAPER,NSE
48,HAPPSTMNDS-EQ,HAPPSTMNDS,NSE
17704,QUESS-EQ,QUESS,NSE
263,ATUL-EQ,ATUL,NSE
13270,JKCEMENT-EQ,JKCEMENT,NSE
17541,DAMODARIND-EQ,DAMODARIND,NSE
11779,ACEINTEG-EQ,ACEINTEG,NSE
10726,INDIAMART-EQ,INDIAMART,NSE
14334,HSCL-EQ,HSCL,NSE
24081,TOP100CASE-EQ,TOP100CASE,NSE
22602,PFS-EQ,PFS,NSE
14086,IGPL-EQ,IGPL,NSE
14064,ASMS-EQ,ASMS,NSE
17801,LLOYDSENGG-EQ,LLOYDSENGG,NSE
22980,MUKKA-EQ,MUKKA,NSE
12101,HDFCNIFIT-EQ,HDFCNIFIT,NSE
9385,PNCINFRA-EQ,PNCINFRA,NSE
11399,SALZERELEC-EQ,SALZERELEC,NSE
23489,BHARTIHEXA-EQ,BHARTIHEXA,NSE
4594,KOTHARIPET-EQ,KOTHARIPET,NSE
6302,APOLSINHOT-EQ,APOLSINHOT,NSE
1143,SDL24BEES-EQ,SDL24BEES,NSE
24226,STANLEY-EQ,STANLEY,NSE
2496,ORIENTPPR-EQ,ORIENTPPR,NSE
17635,ZYDUSWELL-EQ,ZYDUSWELL,NSE
1315,GALAXYSURF-EQ,GALAXYSURF,NSE
9046,AGROPHOS-EQ,AGROPHOS,NSE
3724,VSTIND-EQ,VSTIND,NSE
10447,UNITDSPR-EQ,UNITDSPR,NSE
14599,GSLSU-EQ,GSLSU,NSE
23480,SINCLAIR-EQ,SINCLAIR,NSE
21551,SMSLIFE-EQ,SMSLIFE,NSE
19410,ROSSARI-EQ,ROSSARI,NSE
203,ASHAPURMIN-EQ,ASHAPURMIN,NSE
6973,DMCC-EQ,DMCC,NSE
14917,TAKE-EQ,TAKE,NSE
11006,LIQUIDBEES-EQ,LIQUIDBEES,NSE
628,CESC-EQ,CESC,NSE
11731,CONSOFINVT-EQ,CONSOFINVT,NSE
2331,JAYNECOIND-EQ,JAYNECOIND,NSE
1901,CUMMINSIND-EQ,CUMMINSIND,NSE
2616,SEAMECLTD-EQ,SEAMECLTD,NSE
10939,JUNIORBEES-EQ,JUNIORBEES,NSE
21339,STEELXIND-EQ,STEELXIND,NSE
21254,LOWVOLIETF-EQ,LOWVOLIETF,NSE
395,BEML-EQ,BEML,NSE
20831,MUTHOOTMF-EQ,MUTHOOTMF,NSE
14742,AXSENSEX-EQ,AXSENSEX,NSE
6951,LINC-EQ,LINC,NSE
13745,GTLINFRA-EQ,GTLINFRA,NSE
15199,MANAKSIA-EQ,MANAKSIA,NSE
14180,NSLNISP-EQ,NSLNISP,NSE
8944,RITCO-EQ,RITCO,NSE
11868,63MOONS-EQ,63MOONS,NSE
6545,NYKAA-EQ,NYKAA,NSE
6643,SJS-EQ,SJS,NSE
16943,ASHOKAMET-EQ,ASHOKAMET,NSE
7862,GEPIL-EQ,GEPIL,NSE
16819,QNIFTY-EQ,QNIFTY,NSE
22649,PARKHOTELS-EQ,PARKHOTELS,NSE
6943,TARSONS-EQ,TARSONS,NSE
12026,RENUKA-EQ,RENUKA,NSE
17010,GENSOL-EQ,GENSOL,NSE
2350,NURECA-EQ,NURECA,NSE
3435,BBOX-EQ,BBOX,NSE
3466,TFCILTD-EQ,TFCILTD,NSE
7927,AGSTRA-EQ,AGSTRA,NSE
13675,NRL-EQ,NRL,NSE
896,KHAICHEM-EQ,KHAICHEM,NSE
25640,LICMFGOLD-EQ,LICMFGOLD,NSE
79,ALEMBICLTD-EQ,ALEMBICLTD,NSE
13463,PIONEEREMB-EQ,PIONEEREMB,NSE
509,MAZDOCK-EQ,MAZDOCK,NSE
11864,PRIMESECU-EQ,PRIMESECU,NSE
20822,SURAJEST-EQ,SURAJEST,NSE
10676,MNC-EQ,MNC,NSE
16986,COUNCODOS-EQ,COUNCODOS,NSE
1363,HINDALCO-EQ,HINDALCO,NSE
15161,HITECHCORP-EQ,HITECHCORP,NSE
10515,UTISENSETF-EQ,UTISENSETF,NSE
19937,KILITCH-EQ,KILITCH,NSE
8806,SONAMLTD-EQ,SONAMLTD,NSE
28899,KITEX-EQ,KITEX,NSE
13491,JKLAKSHMI-EQ,JKLAKSHMI,NSE
14547,NDLVENTURE-EQ,NDLVENTURE,NSE
11343,AFFLE-EQ,AFFLE,NSE
21062,INNOVACAP-EQ,INNOVACAP,NSE
24154,DEEDEV-EQ,DEEDEV,NSE
19322,HISARMETAL-EQ,HISARMETAL,NSE
5938,MONTECARLO-EQ,MONTECARLO,NSE
9378,TRU-EQ,TRU,NSE
7200,SHRIRAMPPS-EQ,SHRIRAMPPS,NSE
17833,AHLUCONT-EQ,AHLUCONT,NSE
11821,WELCORP-EQ,WELCORP,NSE
910,EICHERMOT-EQ,EICHERMOT,NSE
13143,GSEC10IETF-EQ,GSEC10IETF,NSE
4870,INDSWFTLAB-EQ,INDSWFTLAB,NSE
13061,360ONE-EQ,360ONE,NSE
11699,PATELENG-EQ,PATELENG,NSE
21423,MOM100-EQ,MOM100,NSE
20293,TATATECH-EQ,TATATECH,NSE
11723,JSWSTEEL-EQ,JSWSTEEL,NSE
17881,DBCORP-EQ,DBCORP,NSE
17475,NV20IETF-EQ,NV20IETF,NSE
7074,MAHKTECH-EQ,MAHKTECH,NSE
3918,NATCOPHARM-EQ,NATCOPHARM,NSE
18391,RBLBANK-EQ,RBLBANK,NSE
15419,DPSCLTD-EQ,DPSCLTD,NSE
11511,CENTEXT-EQ,CENTEXT,NSE
6705,PAYTM-EQ,PAYTM,NSE
8153,MEGASTAR-EQ,MEGASTAR,NSE
14116,GANDHITUBE-EQ,GANDHITUBE,NSE
7929,ZYDUSLIFE-EQ,ZYDUSLIFE,NSE
25584,TRITURBINE-EQ,TRITURBINE,NSE
5239,MAHAPEXLTD-EQ,MAHAPEXLTD,NSE
18119,SRGHFL-EQ,SRGHFL,NSE
17770,GROBTEA-EQ,GROBTEA,NSE
29113,CARERATING-EQ,CARERATING,NSE
19913,DMART-EQ,DMART,NSE
12847,KRISHANA-EQ,KRISHANA,NSE
2997,SANGHIIND-EQ,SANGHIIND,NSE
19761,ADFFOODS-EQ,ADFFOODS,NSE
14751,021NSETEST-EQ,021NSETEST,NSE
23855,MIDSMALL-EQ,MIDSMALL,NSE
13081,TRIVENI-EQ,TRIVENI,NSE
11522,NIITLTD-EQ,NIITLTD,NSE
22440,UTIBANKETF-EQ,UTIBANKETF,NSE
7218,SBIETFQLTY-EQ,SBIETFQLTY,NSE
827,DEEPAKFERT-EQ,DEEPAKFERT,NSE
15136,KAUSHALYA-EQ,KAUSHALYA,NSE
4953,ADROITINFO-EQ,ADROITINFO,NSE
20196,BEDMUTHA-EQ,BEDMUTHA,NSE
27161,CINELINE-EQ,CINELINE,NSE
12490,VINNY-EQ,VINNY,NSE
11325,MUKANDLTD-EQ,MUKANDLTD,NSE
7,AARTIIND-EQ,AARTIIND,NSE
9305,STARTECK-EQ,STARTECK,NSE
25328,APLLTD-EQ,APLLTD,NSE
2328,CPSEETF-EQ,CPSEETF,NSE
14174,IZMO-EQ,IZMO,NSE
3965,REMSONSIND-EQ,REMSONSIND,NSE
1630,IONEXCHANG-EQ,IONEXCHANG,NSE
19679,GOLDIETF-EQ,GOLDIETF,NSE
2792,EASEMYTRIP-EQ,EASEMYTRIP,NSE
1185,AMBER-EQ,AMBER,NSE
13072,IIFLSEC-EQ,IIFLSEC,NSE
9111,ARVINDFASN-EQ,ARVINDFASN,NSE
19025,KIRLOSIND-EQ,KIRLOSIND,NSE
722,SBIETFPB-EQ,SBIETFPB,NSE
1565,RVHL-EQ,RVHL,NSE
2562,HUHTAMAKI-EQ,HUHTAMAKI,NSE
5782,MASPTOP50-EQ,MASPTOP50,NSE
6908,VISHNU-EQ,VISHNU,NSE
10457,ARVSMART-EQ,ARVSMART,NSE
24374,LIQUIDSHRI-EQ,LIQUIDSHRI,NSE
15032,PSUBNKBEES-EQ,PSUBNKBEES,NSE
11975,RML-EQ,RML,NSE
18783,IDFNIFTYET-EQ,IDFNIFTYET,NSE
11798,ALLSEC-EQ,ALLSEC,NSE
20322,FEDFINA-EQ,FEDFINA,NSE
7679,MONARCH-EQ,MONARCH,NSE
1134,APOLLO-EQ,APOLLO,NSE
7145,ANANDRATHI-EQ,ANANDRATHI,NSE
3321,SPMLINFRA-EQ,SPMLINFRA,NSE
15044,DELTACORP-EQ,DELTACORP,NSE
11483,LT-EQ,LT,NSE
17438,OIL-EQ,OIL,NSE
6803,STEELCAS-EQ,STEELCAS,NSE
19234,LAURUSLABS-EQ,LAURUSLABS,NSE
16807,LOTUSEYE-EQ,LOTUSEYE,NSE
15266,JKIL-EQ,JKIL,NSE
9087,PIXTRANS-EQ,PIXTRANS,NSE
4717,GAIL-EQ,GAIL,NSE
4235,WENDT-EQ,WENDT,NSE
10580,TCI-EQ,TCI,NSE
480,BIRLACORPN-EQ,BIRLACORPN,NSE
9342,PNC-EQ,PNC,NSE
6446,CONSUMIETF-EQ,CONSUMIETF,NSE
4179,SUNDRMBRAK-EQ,SUNDRMBRAK,NSE
14592,FORTIS-EQ,FORTIS,NSE
17613,SENSEXADD-EQ,SENSEXADD,NSE
18417,RISHABH-EQ,RISHABH,NSE
9576,MAHESHWARI-EQ,MAHESHWARI,NSE
3327,SUDARSCHEM-EQ,SUDARSCHEM,NSE
760,CGPOWER-EQ,CGPOWER,NSE
1614,FAIRCHEMOR-EQ,FAIRCHEMOR,NSE
7227,MAPMYINDIA-EQ,MAPMYINDIA,NSE
380,BBTC-EQ,BBTC,NSE
13658,GEECEE-EQ,GEECEE,NSE
7353,SETFNN50-EQ,SETFNN50,NSE
5097,ZOMATO-EQ,ZOMATO,NSE
8182,MOMOMENTUM-EQ,MOMOMENTUM,NSE
19943,DEEPAKNTR-EQ,DEEPAKNTR,NSE
25178,TDPOWERSYS-EQ,TDPOWERSYS,NSE
11439,BANKBEES-EQ,BANKBEES,NSE
16822,IKIO-EQ,IKIO,NSE
9756,EMUDHRA-EQ,EMUDHRA,NSE
13332,SOLARINDS-EQ,SOLARINDS,NSE
2439,NKIND-EQ,NKIND,NSE
385,MAHLOG-EQ,MAHLOG,NSE
3405,TATACHEM-EQ,TATACHEM,NSE
13359,KFINTECH-EQ,KFINTECH,NSE
10243,SYNGENE-EQ,SYNGENE,NSE
22415,LOVABLE-EQ,LOVABLE,NSE
3506,TITAN-EQ,TITAN,NSE
28913,ROSSELLIND-EQ,ROSSELLIND,NSE
11220,VARDHACRLC-EQ,VARDHACRLC,NSE
8424,VIPULLTD-EQ,VIPULLTD,NSE
11301,LUXIND-EQ,LUXIND,NSE
18284,HNGSNGBEES-EQ,HNGSNGBEES,NSE
9049,ROTO-EQ,ROTO,NSE
15034,BAJAJELEC-EQ,BAJAJELEC,NSE
9288,KRITIKA-EQ,KRITIKA,NSE
9931,VIKASLIFE-EQ,VIKASLIFE,NSE
1675,ITI-EQ,ITI,NSE
3834,BHARATRAS-EQ,BHARATRAS,NSE
3813,ARIHANTCAP-EQ,ARIHANTCAP,NSE
11618,ASTRAMICRO-EQ,ASTRAMICRO,NSE
19731,GPPL-EQ,GPPL,NSE
7508,ZENTEC-EQ,ZENTEC,NSE
8479,TVSMOTOR-EQ,TVSMOTOR,NSE
1814,KPIL-EQ,KPIL,NSE
19585,BSE-EQ,BSE,NSE
7553,NRBBEARING-EQ,NRBBEARING,NSE
20531,BAJEL-EQ,BAJEL,NSE
16751,RANEENGINE-EQ,RANEENGINE,NSE
13276,LANDMARK-EQ,LANDMARK,NSE
3018,SAURASHCEM-EQ,SAURASHCEM,NSE
10181,BALKRISHNA-EQ,BALKRISHNA,NSE
166,ANDHRAPAP-EQ,ANDHRAPAP,NSE
436,IFGLEXPOR-EQ,IFGLEXPOR,NSE
2268,MOTOGENFIN-EQ,MOTOGENFIN,NSE
24595,RUSHIL-EQ,RUSHIL,NSE
1394,HINDUNILVR-EQ,HINDUNILVR,NSE
2912,RIIL-EQ,RIIL,NSE
6994,BSOFT-EQ,BSOFT,NSE
715,HEUBACHIND-EQ,HEUBACHIND,NSE
22592,HEALTHADD-EQ,HEALTHADD,NSE
14154,UNOMINDA-EQ,UNOMINDA,NSE
22930,PLATIND-EQ,PLATIND,NSE
1997,LICHSGFIN-EQ,LICHSGFIN,NSE
21399,GANGESSECU-EQ,GANGESSECU,NSE
2649,PCBL-EQ,PCBL,NSE
3237,JTEKTINDIA-EQ,JTEKTINDIA,NSE
12842,G1NSETEST-EQ,G1NSETEST,NSE
20152,ASKAUTOLTD-EQ,ASKAUTOLTD,NSE
9939,ONEPOINT-EQ,ONEPOINT,NSE
16123,BHARATWIRE-EQ,BHARATWIRE,NSE
17105,SUMICHEM-EQ,SUMICHEM,NSE
14255,REDINGTON-EQ,REDINGTON,NSE
5606,INTLCONV-EQ,INTLCONV,NSE
1328,MARINE-EQ,MARINE,NSE
3761,RITES-EQ,RITES,NSE
20203,URJA-EQ,URJA,NSE
11377,MAHABANK-EQ,MAHABANK,NSE
3579,UNICHEMLAB-EQ,UNICHEMLAB,NSE
14480,GOKULAGRO-EQ,GOKULAGRO,NSE
21001,PSB-EQ,PSB,NSE
422,BHARATFORG-EQ,BHARATFORG,NSE
14712,HGS-EQ,HGS,NSE
27037,TBZ-EQ,TBZ,NSE
14106,AUTOIND-EQ,AUTOIND,NSE
24217,IVZINNIFTY-EQ,IVZINNIFTY,NSE
2636,DIVOPPBEES-EQ,DIVOPPBEES,NSE
15283,KNRCON-EQ,KNRCON,NSE
3456,TATAMOTORS-EQ,TATAMOTORS,NSE
1805,KABRAEXTRU-EQ,KABRAEXTRU,NSE
740,SBIETFIT-EQ,SBIETFIT,NSE
16921,20MICRONS-EQ,20MICRONS,NSE
5501,YUKEN-EQ,YUKEN,NSE
383,BEL-EQ,BEL,NSE
2106,MANGLMCEM-EQ,MANGLMCEM,NSE
9668,HIKAL-EQ,HIKAL,NSE
7456,MIDQ50ADD-EQ,MIDQ50ADD,NSE
2614,HERANBA-EQ,HERANBA,NSE
20778,JAMNAAUTO-EQ,JAMNAAUTO,NSE
13414,RSYSTEMS-EQ,RSYSTEMS,NSE
8124,AJANTPHARM-EQ,AJANTPHARM,NSE
5851,BANKNIFTY1-EQ,BANKNIFTY1,NSE
1782,KANPRPLA-EQ,KANPRPLA,NSE
9921,ALANKIT-EQ,ALANKIT,NSE
9874,GOLDTECH-EQ,GOLDTECH,NSE
5186,STYLAMIND-EQ,STYLAMIND,NSE
15295,VIRINCHI-EQ,VIRINCHI,NSE
27297,RTNINDIA-EQ,RTNINDIA,NSE
11394,ZOTA-EQ,ZOTA,NSE
14908,KDDL-EQ,KDDL,NSE
1127,GHCL-EQ,GHCL,NSE
21154,ERIS-EQ,ERIS,NSE
6018,ABSLAMC-EQ,ABSLAMC,NSE
20261,IREDA-EQ,IREDA,NSE
21238,AUBANK-EQ,AUBANK,NSE
13710,FIEMIND-EQ,FIEMIND,NSE
19867,AMNPLST-EQ,AMNPLST,NSE
17022,MAWANASUG-EQ,MAWANASUG,NSE
14977,POWERGRID-EQ,POWERGRID,NSE
14747,011NSETEST-EQ,011NSETEST,NSE
8614,INDOBORAX-EQ,INDOBORAX,NSE
23407,LIQUIDADD-EQ,LIQUIDADD,NSE
1512,INDHOTEL-EQ,INDHOTEL,NSE
1628,BECTORFOOD-EQ,BECTORFOOD,NSE
21484,STEL-EQ,STEL,NSE
10618,SADBHIN-EQ,SADBHIN,NSE
14518,ABSLLIQUID-EQ,ABSLLIQUID,NSE
15061,PSUBANK-EQ,PSUBANK,NSE
17263,ARMANFIN-EQ,ARMANFIN,NSE
701,HEMIPROP-EQ,HEMIPROP,NSE
10310,AURUM-EQ,AURUM,NSE
11591,HDFCNIFTY-EQ,HDFCNIFTY,NSE
3807,VINEETLAB-EQ,VINEETLAB,NSE
13776,GESHIP-EQ,GESHIP,NSE
14761,NELCAST-EQ,NELCAST,NSE
14329,SMSPHARMA-EQ,SMSPHARMA,NSE
17903,ABBOTINDIA-EQ,ABBOTINDIA,NSE
18226,MANINFRA-EQ,MANINFRA,NSE
21334,JYOTICNC-EQ,JYOTICNC,NSE
8954,TTML-EQ,TTML,NSE
10417,DYCL-EQ,DYCL,NSE
14858,GOLD1-EQ,GOLD1,NSE
2475,ONGC-EQ,ONGC,NSE
10993,INDORAMA-EQ,INDORAMA,NSE
17752,SHILPAMED-EQ,SHILPAMED,NSE
5054,GRINFRA-EQ,GRINFRA,NSE
3048,SCI-EQ,SCI,NSE
2029,IRFC-EQ,IRFC,NSE
25017,BODALCHEM-EQ,BODALCHEM,NSE
757,CRISIL-EQ,CRISIL,NSE
13816,LTFOODS-EQ,LTFOODS,NSE
31138,COMPUSOFT-EQ,COMPUSOFT,NSE
18564,LTTS-EQ,LTTS,NSE
16683,DIGISPICE-EQ,DIGISPICE,NSE
15179,ECLERX-EQ,ECLERX,NSE
22239,EBBETF0431-EQ,EBBETF0431,NSE
8840,USHAMART-EQ,USHAMART,NSE
2107,STOVEKRAFT-EQ,STOVEKRAFT,NSE
3509,TNPETRO-EQ,TNPETRO,NSE
3432,TATACONSUM-EQ,TATACONSUM,NSE
8736,PNBGILTS-EQ,PNBGILTS,NSE
2783,JUBLINGREA-EQ,JUBLINGREA,NSE
23181,MOSMALL250-EQ,MOSMALL250,NSE
805,DCM-EQ,DCM,NSE
17795,TREL-EQ,TREL,NSE
1797,AWHCL-EQ,AWHCL,NSE
11351,PETRONET-EQ,PETRONET,NSE
4838,LIQUIDIETF-EQ,LIQUIDIETF,NSE
11778,GOKEX-EQ,GOKEX,NSE
399,NIACL-EQ,NIACL,NSE
2307,MUNJALSHOW-EQ,MUNJALSHOW,NSE
11386,PVTBANIETF-EQ,PVTBANIETF,NSE
14784,161NSETEST-EQ,161NSETEST,NSE
9590,POLYCAB-EQ,POLYCAB,NSE
3411,TATAELXSI-EQ,TATAELXSI,NSE
18883,SJVN-EQ,SJVN,NSE
11309,BALAXI-EQ,BALAXI,NSE
9897,AIRAN-EQ,AIRAN,NSE
7229,HCLTECH-EQ,HCLTECH,NSE
1030,AARON-EQ,AARON,NSE
17625,MOLDTECH-EQ,MOLDTECH,NSE
16777,SILVRETF-EQ,SILVRETF,NSE
14501,BALAMINES-EQ,BALAMINES,NSE
18086,DBL-EQ,DBL,NSE
1497,SHIVAMILLS-EQ,SHIVAMILLS,NSE
21119,KICL-EQ,KICL,NSE
20257,ESILVER-EQ,ESILVER,NSE
4067,MARICO-EQ,MARICO,NSE
9428,SKIPPER-EQ,SKIPPER,NSE
6141,PANSARI-EQ,PANSARI,NSE
23446,171NSETEST-EQ,171NSETEST,NSE
4522,SIGIND-EQ,SIGIND,NSE
23142,PVSL-EQ,PVSL,NSE
18029,MBLINFRA-EQ,MBLINFRA,NSE
19223,TCIEXP-EQ,TCIEXP,NSE
9917,NEOGEN-EQ,NEOGEN,NSE
19933,EGOLD-EQ,EGOLD,NSE
16859,SINDHUTRAD-EQ,SINDHUTRAD,NSE
11905,GENUSPOWER-EQ,GENUSPOWER,NSE
338,BALMLAWRIE-EQ,BALMLAWRIE,NSE
8075,DALBHARAT-EQ,DALBHARAT,NSE
18668,NAVINIFTY-EQ,NAVINIFTY,NSE
489,ICEMAKE-EQ,ICEMAKE,NSE
8727,SHAILY-EQ,SHAILY,NSE
10717,TIMESGTY-EQ,TIMESGTY,NSE
11983,SASKEN-EQ,SASKEN,NSE
17839,GILLANDERS-EQ,GILLANDERS,NSE
1919,KOPRAN-EQ,KOPRAN,NSE
19795,CELLO-EQ,CELLO,NSE
619,CENTENKA-EQ,CENTENKA,NSE
18652,ICICIPRULI-EQ,ICICIPRULI,NSE
9810,AETHER-EQ,AETHER,NSE
1841,KCP-EQ,KCP,NSE
16913,ARTEMISMED-EQ,ARTEMISMED,NSE
29598,REPCOHOME-EQ,REPCOHOME,NSE
17520,RTNPOWER-EQ,RTNPOWER,NSE
5748,CYIENT-EQ,CYIENT,NSE
18039,ADVENZYMES-EQ,ADVENZYMES,NSE
13868,AARTIPHARM-EQ,AARTIPHARM,NSE
23402,SRM-EQ,SRM,NSE
25634,ESSARSHPNG-EQ,ESSARSHPNG,NSE
14782,151NSETEST-EQ,151NSETEST,NSE
10485,RAMRAT-EQ,RAMRAT,NSE
2397,SANDHAR-EQ,SANDHAR,NSE
1403,HINDOILEXP-EQ,HINDOILEXP,NSE
14952,INDOWIND-EQ,INDOWIND,NSE
31507,JPOLYINVST-EQ,JPOLYINVST,NSE
595,CARBORUNIV-EQ,CARBORUNIV,NSE
2031,M&M-EQ,M&M,NSE
7672,IMAGICAA-EQ,IMAGICAA,NSE
24292,VSTTILLERS-EQ,VSTTILLERS,NSE
21750,LIQUIDCASE-EQ,LIQUIDCASE,NSE
7852,INOXWIND-EQ,INOXWIND,NSE
17859,REDTAPE-EQ,REDTAPE,NSE
11082,LIBAS-EQ,LIBAS,NSE
21740,CHOLAHLDNG-EQ,CHOLAHLDNG,NSE
2073,VTL-EQ,VTL,NSE
16719,ALMONDZ-EQ,ALMONDZ,NSE
10940,DIVISLAB-EQ,DIVISLAB,NSE
6579,FINOPB-EQ,FINOPB,NSE
22488,NIFITETF-EQ,NIFITETF,NSE
10238,CONFIPET-EQ,CONFIPET,NSE
10300,RAMASTEEL-EQ,RAMASTEEL,NSE
14198,TIMKEN-EQ,TIMKEN,NSE
2816,RALLIS-EQ,RALLIS,NSE
12489,SWSOLAR-EQ,SWSOLAR,NSE
3570,UCAL-EQ,UCAL,NSE
30023,ATULAUTO-EQ,ATULAUTO,NSE
3345,SUNDRMFAST-EQ,SUNDRMFAST,NSE
18743,SIGNATURE-EQ,SIGNATURE,NSE
13565,RAMANEWS-EQ,RAMANEWS,NSE
2493,ORIENTHOT-EQ,ORIENTHOT,NSE
8962,HARDWYN-EQ,HARDWYN,NSE
12072,SCPL-EQ,SCPL,NSE
1372,HINDCOMPOS-EQ,HINDCOMPOS,NSE
11852,SURYALAXMI-EQ,SURYALAXMI,NSE
15356,GOLDETFADD-EQ,GOLDETFADD,NSE
10557,NAVKARCORP-EQ,NAVKARCORP,NSE
17534,MGL-EQ,MGL,NSE
20936,KIRLOSENG-EQ,KIRLOSENG,NSE
22428,MAXIND-EQ,MAXIND,NSE
21794,DAVANGERE-EQ,DAVANGERE,NSE
7254,MEDPLUS-EQ,MEDPLUS,NSE
11223,UCOBANK-EQ,UCOBANK,NSE
2854,CRAFTSMAN-EQ,CRAFTSMAN,NSE
27095,SWANENERGY-EQ,SWANENERGY,NSE
11319,LICNETFN50-EQ,LICNETFN50,NSE
739,COROMANDEL-EQ,COROMANDEL,NSE
5258,INDUSINDBK-EQ,INDUSINDBK,NSE
20092,TASTYBITE-EQ,TASTYBITE,NSE
17152,MIDCAPIETF-EQ,MIDCAPIETF,NSE
16908,TOUCHWOOD-EQ,TOUCHWOOD,NSE
27067,VSSL-EQ,VSSL,NSE
13260,KEC-EQ,KEC,NSE
13925,NFL-EQ,NFL,NSE
22595,HDFCPSUBK-EQ,HDFCPSUBK,NSE
12686,MBAPL-EQ,MBAPL,NSE
11543,COFORGE-EQ,COFORGE,NSE
5142,CIGNITITEC-EQ,CIGNITITEC,NSE
3892,HATSUN-EQ,HATSUN,NSE
20372,FLAIR-EQ,FLAIR,NSE
2687,POLYPLEX-EQ,POLYPLEX,NSE
13182,ROHLTD-EQ,ROHLTD,NSE
8825,PRIVISCL-EQ,PRIVISCL,NSE
10666,PNB-EQ,PNB,NSE
999,EUROTEXIND-EQ,EUROTEXIND,NSE
20532,AXISGOLD-EQ,AXISGOLD,NSE
3718,VOLTAS-EQ,VOLTAS,NSE
4105,SILINV-EQ,SILINV,NSE
24025,KRONOX-EQ,KRONOX,NSE
13035,SAFARI-EQ,SAFARI,NSE
6164,BHAGCHEM-EQ,BHAGCHEM,NSE
10825,MOVALUE-EQ,MOVALUE,NSE
9581,METROPOLIS-EQ,METROPOLIS,NSE
16745,RBL-EQ,RBL,NSE
4172,TCNSBRANDS-EQ,TCNSBRANDS,NSE
14900,SAHYADRI-EQ,SAHYADRI,NSE
342,CAMS-EQ,CAMS,NSE
13251,SAKUMA-EQ,SAKUMA,NSE
16253,EBBETF0430-EQ,EBBETF0430,NSE
13786,TORNTPOWER-EQ,TORNTPOWER,NSE
21113,BFINVEST-EQ,BFINVEST,NSE
13082,SILVER1-EQ,SILVER1,NSE
13771,AARVEEDEN-EQ,AARVEEDEN,NSE
24398,EMCURE-EQ,EMCURE,NSE
14490,NCLIND-EQ,NCLIND,NSE
15229,LICNFNHGP-EQ,LICNFNHGP,NSE
13441,BALPHARMA-EQ,BALPHARMA,NSE
7053,ACCELYA-EQ,ACCELYA,NSE
8304,PRITI-EQ,PRITI,NSE
477,BIRLACABLE-EQ,BIRLACABLE,NSE
1100,GARFIBRES-EQ,GARFIBRES,NSE
7420,MANAKALUCO-EQ,MANAKALUCO,NSE
2181,BOSCHLTD-EQ,BOSCHLTD,NSE
4525,DYNAMATECH-EQ,DYNAMATECH,NSE
14043,SARLAPOLY-EQ,SARLAPOLY,NSE
14582,SRHHYPOLTD-EQ,SRHHYPOLTD,NSE
20063,SASTASUNDR-EQ,SASTASUNDR,NSE
14938,GSEC10YEAR-EQ,GSEC10YEAR,NSE
3149,BORORENEW-EQ,BORORENEW,NSE
25684,JISLDVREQS-EQ,JISLDVREQS,NSE
4344,PUNJABCHEM-EQ,PUNJABCHEM,NSE
22255,NDRAUTO-EQ,NDRAUTO,NSE
28906,MAYURUNIQ-EQ,MAYURUNIQ,NSE
4279,DENORA-EQ,DENORA,NSE
9641,KHANDSE-EQ,KHANDSE,NSE
2294,MTNL-EQ,MTNL,NSE
12018,SUZLON-EQ,SUZLON,NSE
14479,DIVGIITTS-EQ,DIVGIITTS,NSE
31181,MCX-EQ,MCX,NSE
14339,GANESHHOUC-EQ,GANESHHOUC,NSE
2442,NOCIL-EQ,NOCIL,NSE
17279,BLS-EQ,BLS,NSE
7177,RATEGAIN-EQ,RATEGAIN,NSE
685,CHOLAFIN-EQ,CHOLAFIN,NSE
11943,MCLEODRUSS-EQ,MCLEODRUSS,NSE
6718,SAPPHIRE-EQ,SAPPHIRE,NSE
23729,AADHARHFC-EQ,AADHARHFC,NSE
11703,ALKEM-EQ,ALKEM,NSE
22663,JSFB-EQ,JSFB,NSE
3292,DEEPINDS-EQ,DEEPINDS,NSE
6673,FOODSIN-EQ,FOODSIN,NSE
11271,DREDGECORP-EQ,DREDGECORP,NSE
13689,SAH-EQ,SAH,NSE
625,CENTURYTEX-EQ,CENTURYTEX,NSE
7603,CMSINFO-EQ,CMSINFO,NSE
2048,INDIGOPNTS-EQ,INDIGOPNTS,NSE
21623,APEX-EQ,APEX,NSE
5114,SGIL-EQ,SGIL,NSE
1008,FACT-EQ,FACT,NSE
13810,GREENPANEL-EQ,GREENPANEL,NSE
11491,APARINDS-EQ,APARINDS,NSE
13192,ENIL-EQ,ENIL,NSE
6040,EIFFL-EQ,EIFFL,NSE
22722,LICNMID100-EQ,LICNMID100,NSE
4973,PHARMABEES-EQ,PHARMABEES,NSE
10217,ADANIENSOL-EQ,ADANIENSOL,NSE
24385,KARMAENG-EQ,KARMAENG,NSE
21508,COCHINSHIP-EQ,COCHINSHIP,NSE
3220,LODHA-EQ,LODHA,NSE
6051,CYBERTECH-EQ,CYBERTECH,NSE
13801,SUTLEJTEX-EQ,SUTLEJTEX,NSE
2969,SAKHTISUG-EQ,SAKHTISUG,NSE
17053,HMAAGRO-EQ,HMAAGRO,NSE
14597,ALPHAGEO-EQ,ALPHAGEO,NSE
9408,RAINBOW-EQ,RAINBOW,NSE
9219,TPLPLASTEH-EQ,TPLPLASTEH,NSE
5313,UGROCAP-EQ,UGROCAP,NSE
5049,CLEAN-EQ,CLEAN,NSE
6364,NATIONALUM-EQ,NATIONALUM,NSE
3676,VESUVIUS-EQ,VESUVIUS,NSE
11072,AGRITECH-EQ,AGRITECH,NSE
2955,KALYANKJIL-EQ,KALYANKJIL,NSE
2972,ORIENTELEC-EQ,ORIENTELEC,NSE
10579,MARKSANS-EQ,MARKSANS,NSE
18581,KIRLOSBROS-EQ,KIRLOSBROS,NSE
2176,AKG-EQ,AKG,NSE
11979,HTMEDIA-EQ,HTMEDIA,NSE
23740,TBOTEK-EQ,TBOTEK,NSE
1708,JAYBARMARU-EQ,JAYBARMARU,NSE
22832,SMALLCAP-EQ,SMALLCAP,NSE
20698,SCHAND-EQ,SCHAND,NSE
20302,PRESTIGE-EQ,PRESTIGE,NSE
15234,AMBIKCO-EQ,AMBIKCO,NSE
12153,BBTCL-EQ,BBTCL,NSE
4986,IRCON-EQ,IRCON,NSE
20551,DOMS-EQ,DOMS,NSE
7506,WOCKPHARMA-EQ,WOCKPHARMA,NSE
5385,AAVAS-EQ,AAVAS,NSE
13430,KELLTONTEC-EQ,KELLTONTEC,NSE
15555,HCG-EQ,HCG,NSE
9617,SPLPETRO-EQ,SPLPETRO,NSE
20547,BBNPPGOLD-EQ,BBNPPGOLD,NSE
22463,EPACK-EQ,EPACK,NSE
8596,MSUMI-EQ,MSUMI,NSE
1720,JAYSREETEA-EQ,JAYSREETEA,NSE
18154,HATHWAY-EQ,HATHWAY,NSE
20534,GRAVITA-EQ,GRAVITA,NSE
11255,HDFCQUAL-EQ,HDFCQUAL,NSE
6964,GOCOLORS-EQ,GOCOLORS,NSE
17271,SENCO-EQ,SENCO,NSE
5614,GANESHBE-EQ,GANESHBE,NSE
13303,IEL-EQ,IEL,NSE
18608,ZAGGLE-EQ,ZAGGLE,NSE
20188,WABAG-EQ,WABAG,NSE
16827,KOKUYOCMLN-EQ,KOKUYOCMLN,NSE
14781,141NSETEST-EQ,141NSETEST,NSE
811,DCMSHRIRAM-EQ,DCMSHRIRAM,NSE
20224,JWL-EQ,JWL,NSE
10755,APTECHT-EQ,APTECHT,NSE
24308,ABDL-EQ,ABDL,NSE
17971,SBICARD-EQ,SBICARD,NSE
14139,SBGLP-EQ,SBGLP,NSE
714,SHALBY-EQ,SHALBY,NSE
1581,TARC-EQ,TARC,NSE
13791,PARSVNATH-EQ,PARSVNATH,NSE
10793,SYRMA-EQ,SYRMA,NSE
4204,MOTHERSON-EQ,MOTHERSON,NSE
22524,NIF10GETF-EQ,NIF10GETF,NSE
11239,NSIL-EQ,NSIL,NSE
2963,SAIL-EQ,SAIL,NSE
15308,SEPC-EQ,SEPC,NSE
11705,XCHANGING-EQ,XCHANGING,NSE
23175,KRYSTAL-EQ,KRYSTAL,NSE
25690,DSSL-EQ,DSSL,NSE
772,DABUR-EQ,DABUR,NSE
14366,IDEA-EQ,IDEA,NSE
13890,HIRECT-EQ,HIRECT,NSE
17598,ASALCBR-EQ,ASALCBR,NSE
29135,INDUSTOWER-EQ,INDUSTOWER,NSE
7942,SILVERIETF-EQ,SILVERIETF,NSE
14445,NAHARPOLY-EQ,NAHARPOLY,NSE
4391,GULFOILLUB-EQ,GULFOILLUB,NSE
21726,MATRIMONY-EQ,MATRIMONY,NSE
22243,EBBETF0425-EQ,EBBETF0425,NSE
23066,GOPAL-EQ,GOPAL,NSE
23915,LIQUIDBETF-EQ,LIQUIDBETF,NSE
312,TIINDIA-EQ,TIINDIA,NSE
11441,LICNETFSEN-EQ,LICNETFSEN,NSE
18571,GNA-EQ,GNA,NSE
11654,LALPATHLAB-EQ,LALPATHLAB,NSE
7083,STARHEALTH-EQ,STARHEALTH,NSE
7016,SHIVALIK-EQ,SHIVALIK,NSE
18096,JUBLFOOD-EQ,JUBLFOOD,NSE
24366,SBISILVER-EQ,SBISILVER,NSE
14523,ICRA-EQ,ICRA,NSE
11794,SAKSOFT-EQ,SAKSOFT,NSE
5373,DEVYANI-EQ,DEVYANI,NSE
10599,GUJGASLTD-EQ,GUJGASLTD,NSE
20527,PRUDMOULI-EQ,PRUDMOULI,NSE
1476,IDBI-EQ,IDBI,NSE
13572,MANUGRAPH-EQ,MANUGRAPH,NSE
1964,TRENT-EQ,TRENT,NSE
1927,LIQUIDETF-EQ,LIQUIDETF,NSE
6232,3IINFOLTD-EQ,3IINFOLTD,NSE
15332,NMDC-EQ,NMDC,NSE
9356,MSTCLTD-EQ,MSTCLTD,NSE
9116,INDOAMIN-EQ,INDOAMIN,NSE
2998,SUVIDHAA-EQ,SUVIDHAA,NSE
12092,KAYNES-EQ,KAYNES,NSE
9902,AXITA-EQ,AXITA,NSE
5751,SANSERA-EQ,SANSERA,NSE
21131,TEJASNET-EQ,TEJASNET,NSE
11829,SSWL-EQ,SSWL,NSE
5507,SERVOTECH-EQ,SERVOTECH,NSE
5168,SBIETFCON-EQ,SBIETFCON,NSE
2708,PRAKASH-EQ,PRAKASH,NSE
2909,RICOAUTO-EQ,RICOAUTO,NSE
5475,GRSE-EQ,GRSE,NSE
6913,RPPL-EQ,RPPL,NSE
3273,SRF-EQ,SRF,NSE
15228,UJJIVANSFB-EQ,UJJIVANSFB,NSE
1627,LINDEINDIA-EQ,LINDEINDIA,NSE
17527,MAHASTEEL-EQ,MAHASTEEL,NSE
6227,DTIL-EQ,DTIL,NSE
15399,EIHAHOTELS-EQ,EIHAHOTELS,NSE
4751,INDRAMEDCO-EQ,INDRAMEDCO,NSE
19,STYRENIX-EQ,STYRENIX,NSE
15313,IRB-EQ,IRB,NSE
2056,HOMEFIRST-EQ,HOMEFIRST,NSE
18365,PERSISTENT-EQ,PERSISTENT,NSE
17957,MMTC-EQ,MMTC,NSE
2970,SURYODAY-EQ,SURYODAY,NSE
16900,DPWIRES-EQ,DPWIRES,NSE
21704,DCAL-EQ,DCAL,NSE
17094,CROMPTON-EQ,CROMPTON,NSE
18143,JIOFIN-EQ,JIOFIN,NSE
13538,TECHM-EQ,TECHM,NSE
14677,GUJAPOLLO-EQ,GUJAPOLLO,NSE
184,TCPLPACK-EQ,TCPLPACK,NSE
9750,ETHOSLTD-EQ,ETHOSLTD,NSE
809,BSHSL-EQ,BSHSL,NSE
13285,M&MFIN-EQ,M&MFIN,NSE
14435,JKTYRE-EQ,JKTYRE,NSE
9553,PRUDENT-EQ,PRUDENT,NSE
425,KHADIM-EQ,KHADIM,NSE
14702,NAGREEKEXP-EQ,NAGREEKEXP,NSE
17869,JSWENERGY-EQ,JSWENERGY,NSE
317,BAJFINANCE-EQ,BAJFINANCE,NSE
8632,LOWVOL1-EQ,LOWVOL1,NSE
10576,NIFTYBEES-EQ,NIFTYBEES,NSE
11427,NDTV-EQ,NDTV,NSE
3776,IWEL-EQ,IWEL,NSE
13305,CENTURYPLY-EQ,CENTURYPLY,NSE
6713,MOLDTKPAC-EQ,MOLDTKPAC,NSE
19020,JSWINFRA-EQ,JSWINFRA,NSE
8167,MANYAVAR-EQ,MANYAVAR,NSE
17851,DLINKINDIA-EQ,DLINKINDIA,NSE
11403,POONAWALLA-EQ,POONAWALLA,NSE
22566,BLSE-EQ,BLSE,NSE
236,ASIANPAINT-EQ,ASIANPAINT,NSE
24386,BANSALWIRE-EQ,BANSALWIRE,NSE
11184,IDFCFIRSTB-EQ,IDFCFIRSTB,NSE
940,PGHL-EQ,PGHL,NSE
16959,ALKALI-EQ,ALKALI,NSE
335,BALKRISIND-EQ,BALKRISIND,NSE
25088,ASAHISONG-EQ,ASAHISONG,NSE
11045,SATIA-EQ,SATIA,NSE
9847,NV20BEES-EQ,NV20BEES,NSE
11407,XPROINDIA-EQ,XPROINDIA,NSE
5948,SOUTHBANK-EQ,SOUTHBANK,NSE
14758,051NSETEST-EQ,051NSETEST,NSE
857,DHAMPURSUG-EQ,DHAMPURSUG,NSE
20760,RPPINFRA-EQ,RPPINFRA,NSE
2866,RCF-EQ,RCF,NSE
2705,PRAJIND-EQ,PRAJIND,NSE
21541,JUBLINDS-EQ,JUBLINDS,NSE
9117,TIPSINDLTD-EQ,TIPSINDLTD,NSE
18321,LGBBROSLTD-EQ,LGBBROSLTD,NSE
21428,TATSILV-EQ,TATSILV,NSE
14194,NINSYS-EQ,NINSYS,NSE
14385,POCL-EQ,POCL,NSE
1808,KAJARIACER-EQ,KAJARIACER,NSE
8953,ELDEHSG-EQ,ELDEHSG,NSE
527,UTIAMC-EQ,UTIAMC,NSE
4055,PANACEABIO-EQ,PANACEABIO,NSE
1835,KANORICHEM-EQ,KANORICHEM,NSE
201,UNIDT-EQ,UNIDT,NSE
9552,RVNL-EQ,RVNL,NSE
8469,MITCON-EQ,MITCON,NSE
17395,SETF10GILT-EQ,SETF10GILT,NSE
10768,OAL-EQ,OAL,NSE
4847,KIMS-EQ,KIMS,NSE
21951,HFCL-EQ,HFCL,NSE
13501,ALLCARGO-EQ,ALLCARGO,NSE
1375,HCC-EQ,HCC,NSE
14398,AMDIND-EQ,AMDIND,NSE
270,CHEMCON-EQ,CHEMCON,NSE
21427,THEINVEST-EQ,THEINVEST,NSE
5108,KPIGREEN-EQ,KPIGREEN,NSE
3022,SDL26BEES-EQ,SDL26BEES,NSE
1348,HEROMOTOCO-EQ,HEROMOTOCO,NSE
18644,DIAMINESQ-EQ,DIAMINESQ,NSE
13725,DCBBANK-EQ,DCBBANK,NSE
6596,SONATSOFTW-EQ,SONATSOFTW,NSE
1289,GFLLIMITED-EQ,GFLLIMITED,NSE
20072,INFRABEES-EQ,INFRABEES,NSE
30392,NIF100IETF-EQ,NIF100IETF,NSE
2277,MRF-EQ,MRF,NSE
474,3MINDIA-EQ,3MINDIA,NSE
17764,REFEX-EQ,REFEX,NSE
19401,BOROLTD-EQ,BOROLTD,NSE
9260,ARROWGREEN-EQ,ARROWGREEN,NSE
1406,HINDPETRO-EQ,HINDPETRO,NSE
19036,PODDARMENT-EQ,PODDARMENT,NSE
18026,SBFC-EQ,SBFC,NSE
14764,071NSETEST-EQ,071NSETEST,NSE
3063,VEDL-EQ,VEDL,NSE
4747,INDNIPPON-EQ,INDNIPPON,NSE
18457,POWERINDIA-EQ,POWERINDIA,NSE
10577,KRBL-EQ,KRBL,NSE
22675,CAPITALSFB-EQ,CAPITALSFB,NSE
17547,AMRUTANJAN-EQ,AMRUTANJAN,NSE
13057,UNIPARTS-EQ,UNIPARTS,NSE
6863,BAJAJHCARE-EQ,BAJAJHCARE,NSE
5401,NGIL-EQ,NGIL,NSE
3908,PREMIERPOL-EQ,PREMIERPOL,NSE
3721,TATACOMM-EQ,TATACOMM,NSE
19289,MOM50-EQ,MOM50,NSE
8890,VERANDA-EQ,VERANDA,NSE
14014,LUMAXTECH-EQ,LUMAXTECH,NSE
20223,CLEDUCATE-EQ,CLEDUCATE,NSE
20296,SHAH-EQ,SHAH,NSE
15303,BANG-EQ,BANG,NSE
3672,SOLARA-EQ,SOLARA,NSE
11856,SHAHALLOYS-EQ,SHAHALLOYS,NSE
16192,PAVNAIND-EQ,PAVNAIND,NSE
15214,DVL-EQ,DVL,NSE
16996,TPHQ-EQ,TPHQ,NSE
1023,FEDERALBNK-EQ,FEDERALBNK,NSE
14853,OMAXE-EQ,OMAXE,NSE
20481,WIPL-EQ,WIPL,NSE
2289,HLEGLAS-EQ,HLEGLAS,NSE
13870,KUANTUM-EQ,KUANTUM,NSE
3403,AJOONI-EQ,AJOONI,NSE
6353,NIFTYETF-EQ,NIFTYETF,NSE
1507,MOGSEC-EQ,MOGSEC,NSE
12219,RUSTOMJEE-EQ,RUSTOMJEE,NSE
18721,NUVAMA-EQ,NUVAMA,NSE
308,BAJAJHIND-EQ,BAJAJHIND,NSE
7276,UDAICEMENT-EQ,UDAICEMENT,NSE
5528,KOTHARIPRO-EQ,KOTHARIPRO,NSE
31837,SREEL-EQ,SREEL,NSE
15330,QGOLDHALF-EQ,QGOLDHALF,NSE
12809,HYBRIDFIN-EQ,HYBRIDFIN,NSE
11432,KRITINUT-EQ,KRITINUT,NSE
10871,GRMOVER-EQ,GRMOVER,NSE
24409,DHANUKA-EQ,DHANUKA,NSE
1663,ATFL-EQ,ATFL,NSE
3348,SUNFLAG-EQ,SUNFLAG,NSE
11956,MEDANTA-EQ,MEDANTA,NSE
193,ARVIND-EQ,ARVIND,NSE
20878,MUFTI-EQ,MUFTI,NSE
526,BPCL-EQ,BPCL,NSE
1879,CARYSIL-EQ,CARYSIL,NSE
23184,MOREALTY-EQ,MOREALTY,NSE
20159,ARIHANTSUP-EQ,ARIHANTSUP,NSE
31415,NBCC-EQ,NBCC,NSE
357,NAM-INDIA-EQ,NAM-INDIA,NSE
16675,BAJAJFINSV-EQ,BAJAJFINSV,NSE
13796,MANALIPETC-EQ,MANALIPETC,NSE
3417,HONAUT-EQ,HONAUT,NSE
4299,STERTOOLS-EQ,STERTOOLS,NSE
22344,ALPL30IETF-EQ,ALPL30IETF,NSE
13528,GMRINFRA-EQ,GMRINFRA,NSE
20242,OBEROIRLTY-EQ,OBEROIRLTY,NSE
2454,CENTRUM-EQ,CENTRUM,NSE
19113,UDS-EQ,UDS,NSE
5610,ASTRAZEN-EQ,ASTRAZEN,NSE
8175,SAGARDEEP-EQ,SAGARDEEP,NSE
19237,MONIFTY500-EQ,MONIFTY500,NSE
8827,AVROIND-EQ,AVROIND,NSE
6125,GOODLUCK-EQ,GOODLUCK,NSE
1038,FINCABLES-EQ,FINCABLES,NSE
3906,CAPLIPOINT-EQ,CAPLIPOINT,NSE
11387,UMANGDAIRY-EQ,UMANGDAIRY,NSE
13381,KKCL-EQ,KKCL,NSE
10925,GODREJIND-EQ,GODREJIND,NSE
18102,NIFTY1-EQ,NIFTY1,NSE
1923,WEALTH-EQ,WEALTH,NSE
20080,EROSMEDIA-EQ,EROSMEDIA,NSE
7358,DATAPATTNS-EQ,DATAPATTNS,NSE
13702,VISHWARAJ-EQ,VISHWARAJ,NSE
40,AEGISLOG-EQ,AEGISLOG,NSE
17728,ASTEC-EQ,ASTEC,NSE
21676,HINDMOTORS-EQ,HINDMOTORS,NSE
19097,SILLYMONKS-EQ,SILLYMONKS,NSE
27107,SPECIALITY-EQ,SPECIALITY,NSE
7457,HAVISHA-EQ,HAVISHA,NSE
6944,GANECOS-EQ,GANECOS,NSE
12603,PRECAM-EQ,PRECAM,NSE
100,ARE&M-EQ,ARE&M,NSE
4041,JAYAGROGN-EQ,JAYAGROGN,NSE
14890,AKI-EQ,AKI,NSE
21808,SBILIFE-EQ,SBILIFE,NSE
10690,NIFTYQLITY-EQ,NIFTYQLITY,NSE
11782,EVEREADY-EQ,EVEREADY,NSE
136,ANDHRSUGAR-EQ,ANDHRSUGAR,NSE
2481,ONWARDTEC-EQ,ONWARDTEC,NSE
20956,SUNCLAY-EQ,SUNCLAY,NSE
3021,SOTL-EQ,SOTL,NSE
11233,SUVEN-EQ,SUVEN,NSE
6782,NIPPOBATRY-EQ,NIPPOBATRY,NSE
16965,TATAMTRDVR-EQ,TATAMTRDVR,NSE
24067,IXIGO-EQ,IXIGO,NSE
3375,SURYAROSNI-EQ,SURYAROSNI,NSE
11457,NV20-EQ,NV20,NSE
1232,GRASIM-EQ,GRASIM,NSE
11193,AXISILVER-EQ,AXISILVER,NSE
1672,HGINFRA-EQ,HGINFRA,NSE
22656,SIGNPOST-EQ,SIGNPOST,NSE
17313,LLOYDSME-EQ,LLOYDSME,NSE
14774,111NSETEST-EQ,111NSETEST,NSE
17477,CONTROLPR-EQ,CONTROLPR,NSE
6792,SBC-EQ,SBC,NSE
7886,MHLXMIRU-EQ,MHLXMIRU,NSE
255,NIRAJ-EQ,NIRAJ,NSE
14672,NAVINFLUOR-EQ,NAVINFLUOR,NSE
17778,ATL-EQ,ATL,NSE
19783,MUFIN-EQ,MUFIN,NSE
19878,ESAFSFB-EQ,ESAFSFB,NSE
18110,VASCONEQ-EQ,VASCONEQ,NSE
18011,WHIRLPOOL-EQ,WHIRLPOOL,NSE
18142,EMMBI-EQ,EMMBI,NSE
22521,NIF5GETF-EQ,NIF5GETF,NSE
4892,SAREGAMA-EQ,SAREGAMA,NSE
16696,GHCLTEXTIL-EQ,GHCLTEXTIL,NSE
11027,INFOBEAN-EQ,INFOBEAN,NSE
11496,AMBICAAGAR-EQ,AMBICAAGAR,NSE
12124,DOLATALGO-EQ,DOLATALGO,NSE
993,EVERESTIND-EQ,EVERESTIND,NSE
20110,GREENPOWER-EQ,GREENPOWER,NSE
14511,BANSWRAS-EQ,BANSWRAS,NSE
17424,GLOBUSSPR-EQ,GLOBUSSPR,NSE
24404,ABGSEC-EQ,ABGSEC,NSE
2709,MTARTECH-EQ,MTARTECH,NSE
31234,SCHNEIDER-EQ,SCHNEIDER,NSE
19015,MVGJL-EQ,MVGJL,NSE
7838,NETF-EQ,NETF,NSE
522,ICICIB22-EQ,ICICIB22,NSE
20425,NACLIND-EQ,NACLIND,NSE
3002,WONDERLA-EQ,WONDERLA,NSE
22717,ENTERO-EQ,ENTERO,NSE
10738,OFSS-EQ,OFSS,NSE
8342,GSEC5IETF-EQ,GSEC5IETF,NSE
3078,SHANTIGEAR-EQ,SHANTIGEAR,NSE
21017,FMNL-EQ,FMNL,NSE
4127,SAMBHAAV-EQ,SAMBHAAV,NSE
29050,ZUARI-EQ,ZUARI,NSE
19196,TI-EQ,TI,NSE
25756,VIKASECO-EQ,VIKASECO,NSE
2256,PENINLAND-EQ,PENINLAND,NSE
1338,SDBL-EQ,SDBL,NSE
24532,FILATEX-EQ,FILATEX,NSE
13750,FLUOROCHEM-EQ,FLUOROCHEM,NSE
10693,MOMENTUM-EQ,MOMENTUM,NSE
17818,LTIM-EQ,LTIM,NSE
1153,GLAXO-EQ,GLAXO,NSE
17388,ADANIPOWER-EQ,ADANIPOWER,NSE
19073,AARVI-EQ,AARVI,NSE
4116,HBSL-EQ,HBSL,NSE
10604,BHARTIARTL-EQ,BHARTIARTL,NSE
1011,SCHAEFFLER-EQ,SCHAEFFLER,NSE
13409,GPIL-EQ,GPIL,NSE
6216,CAMLINFINE-EQ,CAMLINFINE,NSE
16639,KIRIINDUS-EQ,KIRIINDUS,NSE
18060,CONCORDBIO-EQ,CONCORDBIO,NSE
23553,AIIL-EQ,AIIL,NSE
967,SUBEXLTD-EQ,SUBEXLTD,NSE
20303,GANDHAR-EQ,GANDHAR,NSE
199,MASFIN-EQ,MASFIN,NSE
2627,IT-EQ,IT,NSE
2535,PGHH-EQ,PGHH,NSE
18220,KECL-EQ,KECL,NSE
23650,MUTHOOTFIN-EQ,MUTHOOTFIN,NSE
15420,ACL-EQ,ACL,NSE
12015,SATINDLTD-EQ,SATINDLTD,NSE
1515,INDIACEM-EQ,INDIACEM,NSE
4410,JAGSNPHARM-EQ,JAGSNPHARM,NSE
1196,KANSAINER-EQ,KANSAINER,NSE
15355,RECLTD-EQ,RECLTD,NSE
18679,HPL-EQ,HPL,NSE
10661,PONNIERODE-EQ,PONNIERODE,NSE
10990,RADICO-EQ,RADICO,NSE
10343,RADHIKAJWE-EQ,RADHIKAJWE,NSE
18250,PYRAMID-EQ,PYRAMID,NSE
18347,NIFMID150-EQ,NIFMID150,NSE
11532,ULTRACEMCO-EQ,ULTRACEMCO,NSE
21252,AXISNIFTY-EQ,AXISNIFTY,NSE
11293,UNIENTER-EQ,UNIENTER,NSE
16658,SIGMA-EQ,SIGMA,NSE
3637,JUBLPHARMA-EQ,JUBLPHARMA,NSE
19543,HDFCGOLD-EQ,HDFCGOLD,NSE
19691,JITFINFRA-EQ,JITFINFRA,NSE
23864,AWFIS-EQ,AWFIS,NSE
13300,NITCO-EQ,NITCO,NSE
10473,POWERMECH-EQ,POWERMECH,NSE
17939,HINDCOPPER-EQ,HINDCOPPER,NSE
11547,HDFCLOWVOL-EQ,HDFCLOWVOL,NSE
8054,KTKBANK-EQ,KTKBANK,NSE
20071,INTENTECH-EQ,INTENTECH,NSE
1270,AMBUJACEM-EQ,AMBUJACEM,NSE
14413,PAGEIND-EQ,PAGEIND,NSE
4394,MIRZAINT-EQ,MIRZAINT,NSE
18760,YATRA-EQ,YATRA,NSE
6843,SMLT-EQ,SMLT,NSE
10865,GVPTECH-EQ,GVPTECH,NSE
4421,CREDITACC-EQ,CREDITACC,NSE
11445,PILANIINVS-EQ,PILANIINVS,NSE
15391,RACE-EQ,RACE,NSE
9652,RELCHEMQ-EQ,RELCHEMQ,NSE
1181,GODFRYPHLP-EQ,GODFRYPHLP,NSE
341,BALRAMCHIN-EQ,BALRAMCHIN,NSE
3812,ZEEL-EQ,ZEEL,NSE
18562,MITTAL-EQ,MITTAL,NSE
14753,031NSETEST-EQ,031NSETEST,NSE
3563,ADANIGREEN-EQ,ADANIGREEN,NSE
10453,SATIN-EQ,SATIN,NSE
17722,DEN-EQ,DEN,NSE
13598,SELAN-EQ,SELAN,NSE
20621,PENIND-EQ,PENIND,NSE
20086,CAREERP-EQ,CAREERP,NSE
13511,MUNJALAU-EQ,MUNJALAU,NSE
9014,ANUP-EQ,ANUP,NSE
5631,PAR-EQ,PAR,NSE
10753,UNIONBANK-EQ,UNIONBANK,NSE
2124,MASTEK-EQ,MASTEK,NSE
5279,ROLEXRINGS-EQ,ROLEXRINGS,NSE
15209,PPAP-EQ,PPAP,NSE
2885,RELIANCE-EQ,RELIANCE,NSE
8657,DIL-EQ,DIL,NSE
1139,GICHSGFIN-EQ,GICHSGFIN,NSE
13536,VIDHIING-EQ,VIDHIING,NSE
4843,SNOWMAN-EQ,SNOWMAN,NSE
14557,AROGRANITE-EQ,AROGRANITE,NSE
15124,KOLTEPATIL-EQ,KOLTEPATIL,NSE
2513,BCLIND-EQ,BCLIND,NSE
4503,MPHASIS-EQ,MPHASIS,NSE
495,BLUEDART-EQ,BLUEDART,NSE
21705,MEDIASSIST-EQ,MEDIASSIST,NSE
18659,MARATHON-EQ,MARATHON,NSE
1455,HIL-EQ,HIL,NSE
12913,SARVESHWAR-EQ,SARVESHWAR,NSE
14428,GOLDBEES-EQ,GOLDBEES,NSE
11212,SHK-EQ,SHK,NSE
14111,NETWORK18-EQ,NETWORK18,NSE
3126,SHREYANIND-EQ,SHREYANIND,NSE
14236,HDFCMID150-EQ,HDFCMID150,NSE
5359,KRSNAA-EQ,KRSNAA,NSE
8159,FIBERWEB-EQ,FIBERWEB,NSE
11860,JKPAPER-EQ,JKPAPER,NSE
14278,ORIENTBELL-EQ,ORIENTBELL,NSE
5143,JAICORPLTD-EQ,JAICORPLTD,NSE
11927,NECLIFE-EQ,NECLIFE,NSE
10159,ORICONENT-EQ,ORICONENT,NSE
19184,SFL-EQ,SFL,NSE
3857,VARROC-EQ,VARROC,NSE
4184,SANGAMIND-EQ,SANGAMIND,NSE
3363,SUPREMEIND-EQ,SUPREMEIND,NSE
25897,MINDACORP-EQ,MINDACORP,NSE
13826,SOBHA-EQ,SOBHA,NSE
7422,MONQ50-EQ,MONQ50,NSE
18431,BIGBLOC-EQ,BIGBLOC,NSE
11915,YESBANK-EQ,YESBANK,NSE
13522,NECCLTD-EQ,NECCLTD,NSE
1726,JBCHEPHARM-EQ,JBCHEPHARM,NSE
12000,FAZE3Q-EQ,FAZE3Q,NSE
955,ESABINDIA-EQ,ESABINDIA,NSE
9362,CAMPUS-EQ,CAMPUS,NSE
8797,OBCL-EQ,OBCL,NSE
3010,AXISTECETF-EQ,AXISTECETF,NSE
11065,NATHBIOGEN-EQ,NATHBIOGEN,NSE
3351,SUNPHARMA-EQ,SUNPHARMA,NSE
14314,TTL-EQ,TTL,NSE
3324,SUBROS-EQ,SUBROS,NSE
19877,RADIOCITY-EQ,RADIOCITY,NSE
19633,ITETF-EQ,ITETF,NSE
7965,MALLCOM-EQ,MALLCOM,NSE
1485,IFBIND-EQ,IFBIND,NSE
5911,PARAS-EQ,PARAS,NSE
17572,LIQUID-EQ,LIQUID,NSE
11840,NH-EQ,NH,NSE
14786,LOWVOL-EQ,LOWVOL,NSE
23804,BSLGOLDETF-EQ,BSLGOLDETF,NSE
14218,CTE-EQ,CTE,NSE
9685,TRIDENT-EQ,TRIDENT,NSE
7844,AUTOIETF-EQ,AUTOIETF,NSE
13517,EMAMILTD-EQ,EMAMILTD,NSE
20776,BHAGYANGR-EQ,BHAGYANGR,NSE
13376,UTTAMSUGAR-EQ,UTTAMSUGAR,NSE
467,HDFCLIFE-EQ,HDFCLIFE,NSE
7287,JTLIND-EQ,JTLIND,NSE
8968,HARIOMPIPE-EQ,HARIOMPIPE,NSE
5292,PRITIKAUTO-EQ,PRITIKAUTO,NSE
19578,UGARSUGAR-EQ,UGARSUGAR,NSE
24378,RELIABLE-EQ,RELIABLE,NSE
1085,GABRIEL-EQ,GABRIEL,NSE
4481,AARTIDRUGS-EQ,AARTIDRUGS,NSE
7109,JMA-EQ,JMA,NSE
12384,ZIMLAB-EQ,ZIMLAB,NSE
13162,CELEBRITY-EQ,CELEBRITY,NSE
4732,SKMEGGPROD-EQ,SKMEGGPROD,NSE
25718,POLYMED-EQ,POLYMED,NSE
13226,GVKPIL-EQ,GVKPIL,NSE
3150,SIEMENS-EQ,SIEMENS,NSE
10585,MOM30IETF-EQ,MOM30IETF,NSE
13753,MANOMAY-EQ,MANOMAY,NSE
13875,JINDRILL-EQ,JINDRILL,NSE
9599,DELHIVERY-EQ,DELHIVERY,NSE
29733,NIBL-EQ,NIBL,NSE
15380,MANKIND-EQ,MANKIND,NSE
10397,JISLJALEQS-EQ,JISLJALEQS,NSE
10633,HDFCNIF100-EQ,HDFCNIF100,NSE
13637,JMFINANCIL-EQ,JMFINANCIL,NSE
18553,JLHL-EQ,JLHL,NSE
3357,SUPERSPIN-EQ,SUPERSPIN,NSE
20642,JINDWORLD-EQ,JINDWORLD,NSE
18944,KINGFA-EQ,KINGFA,NSE
1467,AKZOINDIA-EQ,AKZOINDIA,NSE
21770,ICICIGI-EQ,ICICIGI,NSE
9436,AXISCADES-EQ,AXISCADES,NSE
2799,CHEMFAB-EQ,CHEMFAB,NSE
12716,TEAMLEASE-EQ,TEAMLEASE,NSE
881,DRREDDY-EQ,DRREDDY,NSE
14777,121NSETEST-EQ,121NSETEST,NSE
11957,IDFC-EQ,IDFC,NSE
20556,INDIASHLTR-EQ,INDIASHLTR,NSE
24196,VADILALIND-EQ,VADILALIND,NSE
5732,AXISCETF-EQ,AXISCETF,NSE
1360,HIMATSEIDE-EQ,HIMATSEIDE,NSE
2043,RAMCOCEM-EQ,RAMCOCEM,NSE
11667,DWARKESH-EQ,DWARKESH,NSE
2431,RAILTEL-EQ,RAILTEL,NSE
6961,MENONBE-EQ,MENONBE,NSE
11573,FORCEMOT-EQ,FORCEMOT,NSE
3129,SHREYAS-EQ,SHREYAS,NSE
23027,LANCORHOL-EQ,LANCORHOL,NSE
14762,061NSETEST-EQ,061NSETEST,NSE
14627,HILTON-EQ,HILTON,NSE
8413,MIDCAPETF-EQ,MIDCAPETF,NSE
15360,NAHARCAP-EQ,NAHARCAP,NSE
13086,AIAENG-EQ,AIAENG,NSE
18049,MINDTECK-EQ,MINDTECK,NSE
20905,AZAD-EQ,AZAD,NSE
2049,CHENNPETRO-EQ,CHENNPETRO,NSE
3252,SPIC-EQ,SPIC,NSE
7560,UNITEDPOLY-EQ,UNITEDPOLY,NSE
17659,UNIVPHOTO-EQ,UNIVPHOTO,NSE
17486,EXPLEOSOL-EQ,EXPLEOSOL,NSE
13966,HBLPOWER-EQ,HBLPOWER,NSE
15204,ARIES-EQ,ARIES,NSE
21469,OPTIEMUS-EQ,OPTIEMUS,NSE
3186,SKFINDIA-EQ,SKFINDIA,NSE
5394,MOL-EQ,MOL,NSE
18359,SANDUMA-EQ,SANDUMA,NSE
14937,CIEINDIA-EQ,CIEINDIA,NSE
2868,HITECH-EQ,HITECH,NSE
17922,GEEKAYWIRE-EQ,GEEKAYWIRE,NSE
13844,MMFL-EQ,MMFL,NSE
17576,PVTBANKADD-EQ,PVTBANKADD,NSE
5435,APTUS-EQ,APTUS,NSE
13794,BAIDFIN-EQ,BAIDFIN,NSE
2142,MFSL-EQ,MFSL,NSE
14450,EMBDL-EQ,EMBDL,NSE
13611,IRCTC-EQ,IRCTC,NSE
2939,RUBYMILLS-EQ,RUBYMILLS,NSE
3275,TEMBO-EQ,TEMBO,NSE
20453,APCL-EQ,APCL,NSE
5378,ASAHIINDIA-EQ,ASAHIINDIA,NSE
11165,COFFEEDAY-EQ,COFFEEDAY,NSE
11813,SHOPERSTOP-EQ,SHOPERSTOP,NSE
10099,GODREJCP-EQ,GODREJCP,NSE
11743,JINDALPHOT-EQ,JINDALPHOT,NSE
1530,INDIANHUME-EQ,INDIANHUME,NSE
11872,GRANULES-EQ,GRANULES,NSE
13751,NAUKRI-EQ,NAUKRI,NSE
1494,RBA-EQ,RBA,NSE
20607,INOXINDIA-EQ,INOXINDIA,NSE
8866,CHOICEIN-EQ,CHOICEIN,NSE
330,VALIANTORG-EQ,VALIANTORG,NSE
157,APOLLOHOSP-EQ,APOLLOHOSP,NSE
1576,GILLETTE-EQ,GILLETTE,NSE
2144,BDL-EQ,BDL,NSE
14003,ZEEMEDIA-EQ,ZEEMEDIA,NSE
3329,ISGEC-EQ,ISGEC,NSE
3987,GREENPLY-EQ,GREENPLY,NSE
12022,AURIONPRO-EQ,AURIONPRO,NSE
10637,OLECTRA-EQ,OLECTRA,NSE
14584,PSUBNKIETF-EQ,PSUBNKIETF,NSE
11935,SPLIL-EQ,SPLIL,NSE
13404,SUNTV-EQ,SUNTV,NSE
18124,DBREALTY-EQ,DBREALTY,NSE
11373,BIOCON-EQ,BIOCON,NSE
11763,JPPOWER-EQ,JPPOWER,NSE
2837,RANASUG-EQ,RANASUG,NSE
14687,GOACARBON-EQ,GOACARBON,NSE
1235,GREAVESCOT-EQ,GREAVESCOT,NSE
12863,V1NSETEST-EQ,V1NSETEST,NSE
19218,VALIANTLAB-EQ,VALIANTLAB,NSE
27008,HEXATRADEX-EQ,HEXATRADEX,NSE
10511,UTINIFTETF-EQ,UTINIFTETF,NSE
13821,RUCHIRA-EQ,RUCHIRA,NSE
14208,TV18BRDCST-EQ,TV18BRDCST,NSE
14101,PTL-EQ,PTL,NSE
2112,MARALOVER-EQ,MARALOVER,NSE
17351,SALONA-EQ,SALONA,NSE
24077,MID150CASE-EQ,MID150CASE,NSE
19501,TCLCONS-EQ,TCLCONS,NSE
1110,DANGEE-EQ,DANGEE,NSE
11039,DCMNVL-EQ,DCMNVL,NSE
15180,KIRLPNU-EQ,KIRLPNU,NSE
13211,JAGRAN-EQ,JAGRAN,NSE
1200,ESG-EQ,ESG,NSE
13126,REPRO-EQ,REPRO,NSE
15184,BRIGADE-EQ,BRIGADE,NSE
8266,SOFTTECH-EQ,SOFTTECH,NSE
16933,INDBANK-EQ,INDBANK,NSE
12108,HDFCPVTBAN-EQ,HDFCPVTBAN,NSE
11297,SIL-EQ,SIL,NSE
8585,NLCINDIA-EQ,NLCINDIA,NSE
8510,GATEWAY-EQ,GATEWAY,NSE
19061,MANAPPURAM-EQ,MANAPPURAM,NSE
2354,KBCGLOBAL-EQ,KBCGLOBAL,NSE
4491,JCHAC-EQ,JCHAC,NSE
14778,131NSETEST-EQ,131NSETEST,NSE
7242,METROBRAND-EQ,METROBRAND,NSE
7048,HESTERBIO-EQ,HESTERBIO,NSE
19640,ALPHAETF-EQ,ALPHAETF,NSE
15384,DHANI-EQ,DHANI,NSE
305,BAJAJHLDNG-EQ,BAJAJHLDNG,NSE
5352,EXXARO-EQ,EXXARO,NSE
31475,ORBTEXP-EQ,ORBTEXP,NSE
16713,UBL-EQ,UBL,NSE
13510,AKASH-EQ,AKASH,NSE
18962,RAJRATAN-EQ,RAJRATAN,NSE
25786,KANANIIND-EQ,KANANIIND,NSE
8546,CHALET-EQ,CHALET,NSE
11364,VAIBHAVGBL-EQ,VAIBHAVGBL,NSE
3172,GILT5YBEES-EQ,GILT5YBEES,NSE
11884,MANINDS-EQ,MANINDS,NSE
24969,WINDMACHIN-EQ,WINDMACHIN,NSE
24159,AFIL-EQ,AFIL,NSE
17307,AJMERA-EQ,AJMERA,NSE
25082,TREEHOUSE-EQ,TREEHOUSE,NSE
14418,ASTRAL-EQ,ASTRAL,NSE
11896,GEOJITFSL-EQ,GEOJITFSL,NSE
22,ACC-EQ,ACC,NSE
31468,LYPSAGEMS-EQ,LYPSAGEMS,NSE
21174,CDSL-EQ,CDSL,NSE
10415,MUTHOOTCAP-EQ,MUTHOOTCAP,NSE
19265,BLISSGVS-EQ,BLISSGVS,NSE
1333,HDFCBANK-EQ,HDFCBANK,NSE
1756,JINDALPOLY-EQ,JINDALPOLY,NSE
7902,LFIC-EQ,LFIC,NSE
3530,AXISBPSETF-EQ,AXISBPSETF,NSE
18341,VPRPL-EQ,VPRPL,NSE
15589,AVG-EQ,AVG,NSE
15343,SADHNANIQ-EQ,SADHNANIQ,NSE
1633,IPCALAB-EQ,IPCALAB,NSE
10276,KAYA-EQ,KAYA,NSE
2809,RAJSREESUG-EQ,RAJSREESUG,NSE
10619,HDFCNEXT50-EQ,HDFCNEXT50,NSE
19800,WELINV-EQ,WELINV,NSE
15017,MAANALU-EQ,MAANALU,NSE
206,ASHIMASYN-EQ,ASHIMASYN,NSE
1621,TATAINVEST-EQ,TATAINVEST,NSE
11275,TVTODAY-EQ,TVTODAY,NSE
2514,OSWALAGRO-EQ,OSWALAGRO,NSE
13976,TANLA-EQ,TANLA,NSE
17140,IDEAFORGE-EQ,IDEAFORGE,NSE
20134,RAMKY-EQ,RAMKY,NSE
7105,TEGA-EQ,TEGA,NSE
21091,STARCEMENT-EQ,STARCEMENT,NSE
14346,ORIENTALTL-EQ,ORIENTALTL,NSE
2979,ORTINLAB-EQ,ORTINLAB,NSE
20323,RESPONIND-EQ,RESPONIND,NSE
19705,LIQUIDSBI-EQ,LIQUIDSBI,NSE
17032,THYROCARE-EQ,THYROCARE,NSE
3912,KHAITANLTD-EQ,KHAITANLTD,NSE
6278,MEDICAMEQ-EQ,MEDICAMEQ,NSE
9867,NEXTMEDIA-EQ,NEXTMEDIA,NSE
6656,POLICYBZR-EQ,POLICYBZR,NSE
18614,SAMHI-EQ,SAMHI,NSE
1168,GMBREW-EQ,GMBREW,NSE
19211,HMVL-EQ,HMVL,NSE
1186,GLAND-EQ,GLAND,NSE
804,SHIVATEX-EQ,SHIVATEX,NSE
5426,NUVOCO-EQ,NUVOCO,NSE
23607,BALUFORGE-EQ,BALUFORGE,NSE
371,BATAINDIA-EQ,BATAINDIA,NSE
21314,DYNPRO-EQ,DYNPRO,NSE
18208,ORIENTLTD-EQ,ORIENTLTD,NSE
3389,AGARIND-EQ,AGARIND,NSE
4911,MADRASFERT-EQ,MADRASFERT,NSE
8163,SPENCERS-EQ,SPENCERS,NSE
15219,PATINTLOG-EQ,PATINTLOG,NSE
13814,KAMOPAINTS-EQ,KAMOPAINTS,NSE
13451,RATNAMANI-EQ,RATNAMANI,NSE
694,CIPLA-EQ,CIPLA,NSE
9879,CHEVIOT-EQ,CHEVIOT,NSE
18423,RATNAVEER-EQ,RATNAVEER,NSE
11655,JBMA-EQ,JBMA,NSE
3507,MAFANG-EQ,MAFANG,NSE
2643,PFIZER-EQ,PFIZER,NSE
2385,NAVNETEDUL-EQ,NAVNETEDUL,NSE
1979,LAXMIMACH-EQ,LAXMIMACH,NSE
5900,AXISBANK-EQ,AXISBANK,NSE
13101,VIMTALABS-EQ,VIMTALABS,NSE
18479,ISFT-EQ,ISFT,NSE
13197,GSPL-EQ,GSPL,NSE
15278,ONMOBILE-EQ,ONMOBILE,NSE
220,IEX-EQ,IEX,NSE
17044,SHARIABEES-EQ,SHARIABEES,NSE
14567,BFUTILITIE-EQ,BFUTILITIE,NSE
11880,JSWHL-EQ,JSWHL,NSE
6568,LAXMICOT-EQ,LAXMICOT,NSE
6066,ATGL-EQ,ATGL,NSE
13900,CREST-EQ,CREST,NSE
17333,MHRIL-EQ,MHRIL,NSE
2717,PRECWIRE-EQ,PRECWIRE,NSE
559,BSL-EQ,BSL,NSE
3766,WHEELS-EQ,WHEELS,NSE
18131,YASHO-EQ,YASHO,NSE
8696,VRLLOG-EQ,VRLLOG,NSE
18921,VBL-EQ,VBL,NSE
578,LIKHITHA-EQ,LIKHITHA,NSE
21478,UTINEXT50-EQ,UTINEXT50,NSE
7936,AVANTIFEED-EQ,AVANTIFEED,NSE
8119,RPSGVENT-EQ,RPSGVENT,NSE
8591,AKSHOPTFBR-EQ,AKSHOPTFBR,NSE
11037,BANKIETF-EQ,BANKIETF,NSE
20825,HUDCO-EQ,HUDCO,NSE
30108,ABFRL-EQ,ABFRL,NSE
8652,VETO-EQ,VETO,NSE
13423,ELIN-EQ,ELIN,NSE
15007,MANGCHEFER-EQ,MANGCHEFER,NSE
14223,TIIL-EQ,TIIL,NSE
24225,RELAXO-EQ,RELAXO,NSE
25780,APLAPOLLO-EQ,APLAPOLLO,NSE
17747,NIITMTS-EQ,NIITMTS,NSE
9168,UTISXN50-EQ,UTISXN50,NSE
13560,GRINDWELL-EQ,GRINDWELL,NSE
23127,SCILAL-EQ,SCILAL,NSE
19299,ITDC-EQ,ITDC,NSE
16589,VAISHALI-EQ,VAISHALI,NSE
19531,BAJAJCON-EQ,BAJAJCON,NSE
4749,CONCOR-EQ,CONCOR,NSE
23799,GODIGIT-EQ,GODIGIT,NSE
13091,EKC-EQ,EKC,NSE
13987,ABSLBANETF-EQ,ABSLBANETF,NSE
1247,GSFC-EQ,GSFC,NSE
13139,EBBETF0433-EQ,EBBETF0433,NSE
3715,VLSFINANCE-EQ,VLSFINANCE,NSE
937,ELGIEQUIP-EQ,ELGIEQUIP,NSE
9158,BALAJITELE-EQ,BALAJITELE,NSE
5701,CUB-EQ,CUB,NSE
10406,STEELCITY-EQ,STEELCITY,NSE
5688,ARCHIES-EQ,ARCHIES,NSE
11571,PPLPHARMA-EQ,PPLPHARMA,NSE
4010,PVP-EQ,PVP,NSE
11411,RKFORGE-EQ,RKFORGE,NSE
11265,TVSELECT-EQ,TVSELECT,NSE
20329,CGCL-EQ,CGCL,NSE
18593,EMSLIMITED-EQ,EMSLIMITED,NSE
11262,IGL-EQ,IGL,NSE
2183,SUNDARMHLD-EQ,SUNDARMHLD,NSE
11677,INDOCO-EQ,INDOCO,NSE
20160,CANTABIL-EQ,CANTABIL,NSE
17616,PSUBANKADD-EQ,PSUBANKADD,NSE
15409,NESCO-EQ,NESCO,NSE
3799,WSTCSTPAPR-EQ,WSTCSTPAPR,NSE
24265,ESTER-EQ,ESTER,NSE
1145,GIPCL-EQ,GIPCL,NSE
2085,MAHSCOOTER-EQ,MAHSCOOTER,NSE
13839,DONEAR-EQ,DONEAR,NSE
1336,HEG-EQ,HEG,NSE
18268,AEROFLEX-EQ,AEROFLEX,NSE
14912,KPRMILL-EQ,KPRMILL,NSE
5020,SVPGLOB-EQ,SVPGLOB,NSE
13982,JASH-EQ,JASH,NSE
22233,DHUNINV-EQ,DHUNINV,NSE
10508,MOHEALTH-EQ,MOHEALTH,NSE
11236,JSL-EQ,JSL,NSE
15883,HINDWAREAP-EQ,HINDWAREAP,NSE
3744,FINEORG-EQ,FINEORG,NSE
17999,UNITEDTEA-EQ,UNITEDTEA,NSE
23621,JNKINDIA-EQ,JNKINDIA,NSE
5194,ANTGRAPHIC-EQ,ANTGRAPHIC,NSE
24870,INVENTURE-EQ,INVENTURE,NSE
2739,PRSMJOHNSN-EQ,PRSMJOHNSN,NSE
29577,NIF100BEES-EQ,NIF100BEES,NSE
16669,BAJAJ-AUTO-EQ,BAJAJ-AUTO,NSE
16725,RPGLIFE-EQ,RPGLIFE,NSE
245,ADL-EQ,ADL,NSE
15083,ADANIPORTS-EQ,ADANIPORTS,NSE
8050,MAHLIFE-EQ,MAHLIFE,NSE
16915,ZFCVINDIA-EQ,ZFCVINDIA,NSE
13761,BBL-EQ,BBL,NSE
1594,INFY-EQ,INFY,NSE
19447,CAPTRUST-EQ,CAPTRUST,NSE
11435,SPANDANA-EQ,SPANDANA,NSE
22477,NOVAAGRI-EQ,NOVAAGRI,NSE
23693,INDGN-EQ,INDGN,NSE
2168,RAJMET-EQ,RAJMET,NSE
13001,DHARMAJ-EQ,DHARMAJ,NSE
278,AUTOAXLES-EQ,AUTOAXLES,NSE
15058,AVALON-EQ,AVALON,NSE
20854,HAPPYFORGE-EQ,HAPPYFORGE,NSE
14423,LAOPALA-EQ,LAOPALA,NSE
6407,LAMBODHARA-EQ,LAMBODHARA,NSE
163,APOLLOTYRE-EQ,APOLLOTYRE,NSE
9678,SOUTHWEST-EQ,SOUTHWEST,NSE
11909,SWELECTES-EQ,SWELECTES,NSE
10822,MOQUALITY-EQ,MOQUALITY,NSE
31163,RHIM-EQ,RHIM,NSE
13121,KERNEX-EQ,KERNEX,NSE
3980,TNPL-EQ,TNPL,NSE
16657,ANIKINDS-EQ,ANIKINDS,NSE
19233,AARTISURF-EQ,AARTISURF,NSE
19556,BHANDARI-EQ,BHANDARI,NSE
13342,VAKRANGEE-EQ,VAKRANGEE,NSE
21614,ABCAPITAL-EQ,ABCAPITAL,NSE
11999,FCSSOFT-EQ,FCSSOFT,NSE
2313,MURUDCERA-EQ,MURUDCERA,NSE
20314,NRAIL-EQ,NRAIL,NSE
2088,MAHSEAMLES-EQ,MAHSEAMLES,NSE
3757,VENKEYS-EQ,VENKEYS,NSE
13106,NAHARINDUS-EQ,NAHARINDUS,NSE
438,BHEL-EQ,BHEL,NSE
17364,VINATIORGA-EQ,VINATIORGA,NSE
15337,RAIN-EQ,RAIN,NSE
11817,MANGALAM-EQ,MANGALAM,NSE
29962,JUSTDIAL-EQ,JUSTDIAL,NSE
426,BHARATGEAR-EQ,BHARATGEAR,NSE
3482,CLSEL-EQ,CLSEL,NSE
5926,INTELLECT-EQ,INTELLECT,NSE
2841,LXCHEM-EQ,LXCHEM,NSE
15068,RELIGARE-EQ,RELIGARE,NSE
14769,091NSETEST-EQ,091NSETEST,NSE
10859,DREAMFOLKS-EQ,DREAMFOLKS,NSE
21713,LASA-EQ,LASA,NSE
13,ABB-EQ,ABB,NSE
15239,BIRLAMONEY-EQ,BIRLAMONEY,NSE
12578,FINIETF-EQ,FINIETF,NSE
15067,BLAL-EQ,BLAL,NSE
13198,COMMOIETF-EQ,COMMOIETF,NSE
324,ANGELONE-EQ,ANGELONE,NSE
21578,COMSYN-EQ,COMSYN,NSE
10794,CANBK-EQ,CANBK,NSE
22433,HDFCNIFBAN-EQ,HDFCNIFBAN,NSE
8146,DEVIT-EQ,DEVIT,NSE
3384,SWARAJENG-EQ,SWARAJENG,NSE
14299,PFC-EQ,PFC,NSE
2319,NCC-EQ,NCC,NSE
22365,ITIETF-EQ,ITIETF,NSE
1073,FOSECOIND-EQ,FOSECOIND,NSE
7780,BCONCEPTS-EQ,BCONCEPTS,NSE
1190,FMGOETZE-EQ,FMGOETZE,NSE
30835,PILITA-EQ,PILITA,NSE
24190,SYMPHONY-EQ,SYMPHONY,NSE
10285,AYMSYNTEX-EQ,AYMSYNTEX,NSE
3103,SHREECEM-EQ,SHREECEM,NSE
17702,MIDSELIETF-EQ,MIDSELIETF,NSE
17963,NESTLEIND-EQ,NESTLEIND,NSE
4244,HDFCAMC-EQ,HDFCAMC,NSE
2489,ISEC-EQ,ISEC,NSE
9683,KPITTECH-EQ,KPITTECH,NSE
1442,SANOFI-EQ,SANOFI,NSE
7979,MAKEINDIA-EQ,MAKEINDIA,NSE
15141,COLPAL-EQ,COLPAL,NSE
14947,MOTILALOFS-EQ,MOTILALOFS,NSE
4014,NAVA-EQ,NAVA,NSE
8882,TNIDETF-EQ,TNIDETF,NSE
404,BERGEPAINT-EQ,BERGEPAINT,NSE
29124,PCJEWELLER-EQ,PCJEWELLER,NSE
14607,TGBHOTELS-EQ,TGBHOTELS,NSE
11593,HDFCSENSEX-EQ,HDFCSENSEX,NSE
6198,FCL-EQ,FCL,NSE
17400,NHPC-EQ,NHPC,NSE
1859,KESORAMIND-EQ,KESORAMIND,NSE
13577,VOLTAMP-EQ,VOLTAMP,NSE
8529,GMRP&UI-EQ,GMRP&UI,NSE
18889,KSL-EQ,KSL,NSE
926,ORCHPHARMA-EQ,ORCHPHARMA,NSE
347,BANARBEADS-EQ,BANARBEADS,NSE
4963,ICICIBANK-EQ,ICICIBANK,NSE
17295,NAGAFERT-EQ,NAGAFERT,NSE
936,DPABHUSHAN-EQ,DPABHUSHAN,NSE
13880,BANCOINDIA-EQ,BANCOINDIA,NSE
1482,IFBAGRO-EQ,IFBAGRO,NSE
2202,MIRCELECTR-EQ,MIRCELECTR,NSE
24145,RETAIL-EQ,RETAIL,NSE
7211,JETFREIGHT-EQ,JETFREIGHT,NSE
4684,SONACOMS-EQ,SONACOMS,NSE
14535,GOLDSHARE-EQ,GOLDSHARE,NSE
11369,TTKHLTCARE-EQ,TTKHLTCARE,NSE
18292,IVZINGOLD-EQ,IVZINGOLD,NSE
4529,NEXT50IETF-EQ,NEXT50IETF,NSE
5306,FMCGIETF-EQ,FMCGIETF,NSE
6733,JINDALSTEL-EQ,JINDALSTEL,NSE
3499,TATASTEEL-EQ,TATASTEEL,NSE
14019,TIDEWATER-EQ,TIDEWATER,NSE
13644,BANKETFADD-EQ,BANKETFADD,NSE
1838,KARURVYSYA-EQ,KARURVYSYA,NSE
25,ADANIENT-EQ,ADANIENT,NSE
10791,NUCLEUS-EQ,NUCLEUS,NSE
7339,ABSLNN50ET-EQ,ABSLNN50ET,NSE
15288,HERCULES-EQ,HERCULES,NSE
17700,LTGILTBEES-EQ,LTGILTBEES,NSE
17419,BANKETF-EQ,BANKETF,NSE
12024,ACI-EQ,ACI,NSE
13920,PLASTIBLEN-EQ,PLASTIBLEN,NSE
7030,ASIANENE-EQ,ASIANENE,NSE
15157,RHL-EQ,RHL,NSE
13620,ANANTRAJ-EQ,ANANTRAJ,NSE
13859,VENUSREM-EQ,VENUSREM,NSE
7401,RAJESHEXPO-EQ,RAJESHEXPO,NSE
181,ARENTERP-EQ,ARENTERP,NSE
18279,HDFCLIQUID-EQ,HDFCLIQUID,NSE
14068,SAGCEM-EQ,SAGCEM,NSE
21392,MAGADSUGAR-EQ,MAGADSUGAR,NSE
1142,GINNIFILA-EQ,GINNIFILA,NSE
530,BPL-EQ,BPL,NSE
11689,SUPRAJIT-EQ,SUPRAJIT,NSE
21959,NIFTYBETF-EQ,NIFTYBETF,NSE
18931,SUNDARAM-EQ,SUNDARAM,NSE
368,BASF-EQ,BASF,NSE
11892,VHL-EQ,VHL,NSE
3837,TOKYOPLAST-EQ,TOKYOPLAST,NSE
17758,SARDAEN-EQ,SARDAEN,NSE
13496,PFOCUS-EQ,PFOCUS,NSE
11804,SUKHJITS-EQ,SUKHJITS,NSE
1041,FINPIPE-EQ,FINPIPE,NSE
3291,STARPAPER-EQ,STARPAPER,NSE
641,DNAMEDIA-EQ,DNAMEDIA,NSE
275,AUROPHARMA-EQ,AUROPHARMA,NSE
6600,GENUSPAPER-EQ,GENUSPAPER,NSE
12848,N1NSETEST-EQ,N1NSETEST,NSE
23043,RKSWAMY-EQ,RKSWAMY,NSE
21406,AVADHSUGAR-EQ,AVADHSUGAR,NSE
18822,ENDURANCE-EQ,ENDURANCE,NSE
10440,LUPIN-EQ,LUPIN,NSE
10733,SPORTKING-EQ,SPORTKING,NSE
22739,MON100-EQ,MON100,NSE
3066,SESHAPAPER-EQ,SESHAPAPER,NSE
11971,GOLDIAM-EQ,GOLDIAM,NSE
3608,AXISHCETF-EQ,AXISHCETF,NSE
17808,QUAL30IETF-EQ,QUAL30IETF,NSE
9819,HAVELLS-EQ,HAVELLS,NSE
3024,JINDALSAW-EQ,JINDALSAW,NSE
22846,GPTHEALTH-EQ,GPTHEALTH,NSE
2463,MIDHANI-EQ,MIDHANI,NSE
1412,AGI-EQ,AGI,NSE
24781,BSLNIFTY-EQ,BSLNIFTY,NSE
3426,TATAPOWER-EQ,TATAPOWER,NSE
21986,BANKBETF-EQ,BANKBETF,NSE
17945,SUVENPHAR-EQ,SUVENPHAR,NSE
17651,POKARNA-EQ,POKARNA,NSE
2421,NILKAMAL-EQ,NILKAMAL,NSE
17186,SHRIPISTON-EQ,SHRIPISTON,NSE
3001,BSE500IETF-EQ,BSE500IETF,NSE
9253,NILAINFRA-EQ,NILAINFRA,NSE
10297,PPL-EQ,PPL,NSE
28859,PROZONER-EQ,PROZONER,NSE
8003,SILVER-EQ,SILVER,NSE
15119,EDELWEISS-EQ,EDELWEISS,NSE
7982,GRWRHITECH-EQ,GRWRHITECH,NSE
3787,WIPRO-EQ,WIPRO,NSE
7412,ALPHA-EQ,ALPHA,NSE
10948,STCINDIA-EQ,STCINDIA,NSE
29284,VMART-EQ,VMART,NSE
9309,STLTECH-EQ,STLTECH,NSE
16821,VINYLINDIA-EQ,VINYLINDIA,NSE
981,EPL-EQ,EPL,NSE
11471,EXCELINDUS-EQ,EXCELINDUS,NSE
393,GLOBE-EQ,GLOBE,NSE
11162,HARSHA-EQ,HARSHA,NSE
5449,CHEMPLASTS-EQ,CHEMPLASTS,NSE
11374,TIPSFILMS-EQ,TIPSFILMS,NSE
592,GRAPHITE-EQ,GRAPHITE,NSE
20616,SUPERHOUSE-EQ,SUPERHOUSE,NSE
2606,LEMONTREE-EQ,LEMONTREE,NSE
14260,PGIL-EQ,PGIL,NSE
11423,DATAMATICS-EQ,DATAMATICS,NSE
11580,WESTLIFE-EQ,WESTLIFE,NSE
22360,MCL-EQ,MCL,NSE
1076,ZENSARTECH-EQ,ZENSARTECH,NSE
10590,LOYALTEX-EQ,LOYALTEX,NSE
18866,MAZDA-EQ,MAZDA,NSE
1826,KAMATHOTEL-EQ,KAMATHOTEL,NSE
14063,WANBURY-EQ,WANBURY,NSE
19438,AHLEAST-EQ,AHLEAST,NSE
14788,SPARC-EQ,SPARC,NSE
583,CANFINHOME-EQ,CANFINHOME,NSE
6062,LICNETFGSC-EQ,LICNETFGSC,NSE
21828,TEXRAIL-EQ,TEXRAIL,NSE
4668,BANKBARODA-EQ,BANKBARODA,NSE
419,BEPL-EQ,BEPL,NSE
3736,WALCHANNAG-EQ,WALCHANNAG,NSE
17029,PATANJALI-EQ,PATANJALI,NSE
20374,COALINDIA-EQ,COALINDIA,NSE
3963,GOCLCORP-EQ,GOCLCORP,NSE
11155,CREATIVE-EQ,CREATIVE,NSE
2987,NAZARA-EQ,NAZARA,NSE
3646,VARDMNPOLY-EQ,VARDMNPOLY,NSE
13367,SGL-EQ,SGL,NSE
16395,MMP-EQ,MMP,NSE
14245,TVSSRICHAK-EQ,TVSSRICHAK,NSE
4306,SHRIRAMFIN-EQ,SHRIRAMFIN,NSE
12034,BASML-EQ,BASML,NSE
3626,HEALTHIETF-EQ,HEALTHIETF,NSE
19631,PRICOLLTD-EQ,PRICOLLTD,NSE
9539,SAKAR-EQ,SAKAR,NSE
25724,RUPA-EQ,RUPA,NSE
14889,ASIANTILES-EQ,ASIANTILES,NSE
4587,RAMCOIND-EQ,RAMCOIND,NSE
13111,ORIENTCER-EQ,ORIENTCER,NSE
23590,GLOSTERLTD-EQ,GLOSTERLTD,NSE
14982,CENTUM-EQ,CENTUM,NSE
5585,VIJAYA-EQ,VIJAYA,NSE
9422,SILVERTUC-EQ,SILVERTUC,NSE
2320,SMCGLOBAL-EQ,SMCGLOBAL,NSE
19084,ITBEES-EQ,ITBEES,NSE
23056,JGCHEM-EQ,JGCHEM,NSE
547,BRITANNIA-EQ,BRITANNIA,NSE
144,GODREJAGRO-EQ,GODREJAGRO,NSE
11050,SIRCA-EQ,SIRCA,NSE
4221,VISAKAIND-EQ,VISAKAIND,NSE
1811,KAKATCEM-EQ,KAKATCEM,NSE
11932,FUSION-EQ,FUSION,NSE
14957,MAGNUM-EQ,MAGNUM,NSE
3099,SHREDIGCEM-EQ,SHREDIGCEM,NSE
5578,AMIORG-EQ,AMIORG,NSE
10176,SETFNIF50-EQ,SETFNIF50,NSE
6045,PASUPTAC-EQ,PASUPTAC,NSE
4007,CORALFINAC-EQ,CORALFINAC,NSE
2829,ANURAS-EQ,ANURAS,NSE
553,RELINFRA-EQ,RELINFRA,NSE
20560,DOLLAR-EQ,DOLLAR,NSE
4693,SHYAMMETL-EQ,SHYAMMETL,NSE
8110,AWL-EQ,AWL,NSE
4598,HERITGFOOD-EQ,HERITGFOOD,NSE
24117,BBNPNBETF-EQ,BBNPNBETF,NSE
11549,TEXINFRA-EQ,TEXINFRA,NSE
22824,JUNIPER-EQ,JUNIPER,NSE
16682,PTCIL-EQ,PTCIL,NSE
21690,DIXON-EQ,DIXON,NSE
10512,CONS-EQ,CONS,NSE
17181,NEXT50-EQ,NEXT50,NSE
2844,RANEHOLDIN-EQ,RANEHOLDIN,NSE
10905,GENESYS-EQ,GENESYS,NSE
21195,GTPL-EQ,GTPL,NSE
11626,WELENT-EQ,WELENT,NSE
10277,NGLFINE-EQ,NGLFINE,NSE
10723,INFRAIETF-EQ,INFRAIETF,NSE
9348,IOB-EQ,IOB,NSE
5264,PDSL-EQ,PDSL,NSE
6606,EQUAL50ADD-EQ,EQUAL50ADD,NSE
7390,SUPRIYA-EQ,SUPRIYA,NSE
13400,BHAGERIA-EQ,BHAGERIA,NSE
14552,PHOENIXLTD-EQ,PHOENIXLTD,NSE
15049,ENERGYDEV-EQ,ENERGYDEV,NSE
17130,PARAGMILK-EQ,PARAGMILK,NSE
14966,CSBBANK-EQ,CSBBANK,NSE
8311,BLUESTARCO-EQ,BLUESTARCO,NSE
6462,TECH-EQ,TECH,NSE
11530,EMIL-EQ,EMIL,NSE
9480,LICI-EQ,LICI,NSE
14924,LAL-EQ,LAL,NSE
13290,BLKASHYAP-EQ,BLKASHYAP,NSE
2316,HEIDELBERG-EQ,HEIDELBERG,NSE
6068,AIROLAM-EQ,AIROLAM,NSE
5162,TATVA-EQ,TATVA,NSE
21501,SIS-EQ,SIS,NSE
1267,GUJALKALI-EQ,GUJALKALI,NSE
11606,GUFICBIO-EQ,GUFICBIO,NSE
14848,ALPA-EQ,ALPA,NSE
1053,UFLEX-EQ,UFLEX,NSE
14058,SANGHVIMOV-EQ,SANGHVIMOV,NSE
14361,APOLLOPIPE-EQ,APOLLOPIPE,NSE
13950,LIQUID1-EQ,LIQUID1,NSE
4548,GUJRAFFIA-EQ,GUJRAFFIA,NSE
16045,PRINCEPIPE-EQ,PRINCEPIPE,NSE
9354,TAJGVK-EQ,TAJGVK,NSE
17507,INCREDIBLE-EQ,INCREDIBLE,NSE
12009,IMPAL-EQ,IMPAL,NSE
19813,HONASA-EQ,HONASA,NSE
11630,NTPC-EQ,NTPC,NSE
11260,HDFCVALUE-EQ,HDFCVALUE,NSE
3481,THOMASCOOK-EQ,THOMASCOOK,NSE
14096,SIYSIL-EQ,SIYSIL,NSE
31258,NDL-EQ,NDL,NSE
13648,TALBROAUTO-EQ,TALBROAUTO,NSE
3694,VINDHYATEL-EQ,VINDHYATEL,NSE
14134,PITTIENG-EQ,PITTIENG,NSE
513,BOMDYEING-EQ,BOMDYEING,NSE
5068,SHEMAROO-EQ,SHEMAROO,NSE
916,EIDPARRY-EQ,EIDPARRY,NSE
14813,ADSL-EQ,ADSL,NSE
6848,GREENLAM-EQ,GREENLAM,NSE
17738,YATHARTH-EQ,YATHARTH,NSE
11966,BIKAJI-EQ,BIKAJI,NSE
381,SINTERCOM-EQ,SINTERCOM,NSE
8077,MIDCAP-EQ,MIDCAP,NSE
21957,INDTERRAIN-EQ,INDTERRAIN,NSE
8080,SILVERBEES-EQ,SILVERBEES,NSE
21275,SUMMITSEC-EQ,SUMMITSEC,NSE
1624,IOC-EQ,IOC,NSE
20413,IOLCP-EQ,IOLCP,NSE
1937,KREBSBIO-EQ,KREBSBIO,NSE
5633,J&KBANK-EQ,J&KBANK,NSE
9592,VENUSPIPES-EQ,VENUSPIPES,NSE
471,OSWALGREEN-EQ,OSWALGREEN,NSE
3138,HONDAPOWER-EQ,HONDAPOWER,NSE
1949,KSB-EQ,KSB,NSE
15362,VGUARD-EQ,VGUARD,NSE
7791,UNIINFO-EQ,UNIINFO,NSE
14286,GOLDETF-EQ,GOLDETF,NSE
1044,AXISBNKETF-EQ,AXISBNKETF,NSE
11452,CCL-EQ,CCL,NSE
10893,DBOL-EQ,DBOL,NSE
3546,TTKPRESTIG-EQ,TTKPRESTIG,NSE
1250,CASTROLIND-EQ,CASTROLIND,NSE
14657,INSECTICID-EQ,INSECTICID,NSE
10945,TMB-EQ,TMB,NSE
7406,GLENMARK-EQ,GLENMARK,NSE
24948,LTF-EQ,LTF,NSE
15129,RGL-EQ,RGL,NSE
14732,DLF-EQ,DLF,NSE
13457,KAMDHENU-EQ,KAMDHENU,NSE
11536,TCS-EQ,TCS,NSE
13116,QUICKHEAL-EQ,QUICKHEAL,NSE
21749,CAPACITE-EQ,CAPACITE,NSE
13310,KEI-EQ,KEI,NSE
3009,KOHINOOR-EQ,KOHINOOR,NSE
13218,SULA-EQ,SULA,NSE
15146,JYOTHYLAB-EQ,JYOTHYLAB,NSE
2492,SILGO-EQ,SILGO,NSE
5204,GMDCLTD-EQ,GMDCLTD,NSE
3127,BARBEQUE-EQ,BARBEQUE,NSE
17207,ITETFADD-EQ,ITETFADD,NSE
350,BANARISUG-EQ,BANARISUG,NSE
22947,EXICOM-EQ,EXICOM,NSE
14755,041NSETEST-EQ,041NSETEST,NSE
634,IGARASHI-EQ,IGARASHI,NSE
1521,INDIAGLYCO-EQ,INDIAGLYCO,NSE
11796,HPIL-EQ,HPIL,NSE
11359,DHANBANK-EQ,DHANBANK,NSE
4907,ENGINERSIN-EQ,ENGINERSIN,NSE
1508,ASTERDM-EQ,ASTERDM,NSE
2259,MOREPENLAB-EQ,MOREPENLAB,NSE
17270,ASPINWALL-EQ,ASPINWALL,NSE
703,DICIND-EQ,DICIND,NSE
22901,GOLDCASE-EQ,GOLDCASE,NSE
14459,LEXUS-EQ,LEXUS,NSE
14309,INDIANB-EQ,INDIANB,NSE
1994,LIBERTSHOE-EQ,LIBERTSHOE,NSE
2412,PEL-EQ,PEL,NSE
2283,MRPL-EQ,MRPL,NSE
128,ROUTE-EQ,ROUTE,NSE
1424,HINDZINC-EQ,HINDZINC,NSE
24403,ASHIANA-EQ,ASHIANA,NSE
14793,MEGASOFT-EQ,MEGASOFT,NSE
22277,WORTH-EQ,WORTH,NSE
13580,RADIANTCMS-EQ,RADIANTCMS,NSE
11987,ICIL-EQ,ICIL,NSE
14230,HDFCBSE500-EQ,HDFCBSE500,NSE
14838,DECCANCE-EQ,DECCANCE,NSE
20178,AKSHARCHEM-EQ,AKSHARCHEM,NSE
14485,THEMISMED-EQ,THEMISMED,NSE
25468,PAISALO-EQ,PAISALO,NSE
19126,KIOCL-EQ,KIOCL,NSE
17933,BEARDSELL-EQ,BEARDSELL,NSE
5366,WINDLAS-EQ,WINDLAS,NSE
6297,HEALTHY-EQ,HEALTHY,NSE
14772,101NSETEST-EQ,101NSETEST,NSE
12032,FIVESTAR-EQ,FIVESTAR,NSE
1922,KOTAKBANK-EQ,KOTAKBANK,NSE
1660,ITC-EQ,ITC,NSE
14537,DISHTV-EQ,DISHTV,NSE
2598,AMJLAND-EQ,AMJLAND,NSE
19597,IRMENERGY-EQ,IRMENERGY,NSE
3339,SUNDARMFIN-EQ,SUNDARMFIN,NSE
14972,KSCL-EQ,KSCL,NSE
15342,SHALPAINTS-EQ,SHALPAINTS,NSE
1174,GNFC-EQ,GNFC,NSE
23647,FILATFASH-EQ,FILATFASH,NSE
12978,NPBET-EQ,NPBET,NSE
14843,VIPCLOTHNG-EQ,VIPCLOTHNG,NSE
12173,HNDFDS-EQ,HNDFDS,NSE
13941,PRAENG-EQ,PRAENG,NSE
18755,KALAMANDIR-EQ,KALAMANDIR,NSE
11032,SANGINITA-EQ,SANGINITA,NSE
11582,TRACXN-EQ,TRACXN,NSE
19525,IITL-EQ,IITL,NSE
4822,DODLA-EQ,DODLA,NSE
2435,CONSUMBEES-EQ,CONSUMBEES,NSE
4656,SBCL-EQ,SBCL,NSE
